-- MySQL dump 10.13  Distrib 5.7.23, for Linux (x86_64)
--
-- Host: 127.0.0.1    Database: BD_CPLEX260918
-- ------------------------------------------------------
-- Server version	5.7.23-0ubuntu0.18.04.1

/*!40101 SET @OLD_CHARACTER_SET_CLIENT=@@CHARACTER_SET_CLIENT */;
/*!40101 SET @OLD_CHARACTER_SET_RESULTS=@@CHARACTER_SET_RESULTS */;
/*!40101 SET @OLD_COLLATION_CONNECTION=@@COLLATION_CONNECTION */;
/*!40101 SET NAMES utf8 */;
/*!40103 SET @OLD_TIME_ZONE=@@TIME_ZONE */;
/*!40103 SET TIME_ZONE='+00:00' */;
/*!40014 SET @OLD_UNIQUE_CHECKS=@@UNIQUE_CHECKS, UNIQUE_CHECKS=0 */;
/*!40014 SET @OLD_FOREIGN_KEY_CHECKS=@@FOREIGN_KEY_CHECKS, FOREIGN_KEY_CHECKS=0 */;
/*!40101 SET @OLD_SQL_MODE=@@SQL_MODE, SQL_MODE='NO_AUTO_VALUE_ON_ZERO' */;
/*!40111 SET @OLD_SQL_NOTES=@@SQL_NOTES, SQL_NOTES=0 */;

--
-- Table structure for table `ALIMENTOS`
--

DROP TABLE IF EXISTS `ALIMENTOS`;
/*!40101 SET @saved_cs_client     = @@character_set_client */;
/*!40101 SET character_set_client = utf8 */;
CREATE TABLE `ALIMENTOS` (
  `CodigoAlim` int(11) NOT NULL AUTO_INCREMENT,
  `NomeAlim` text NOT NULL,
  `TipoAlim` int(11) DEFAULT NULL,
  `ValorAlim` double(10,4) DEFAULT NULL,
  `EnergiaAlim` double(10,4) DEFAULT NULL,
  `ProteinaAlim` double(10,4) DEFAULT NULL,
  `LipideoAlim` double(10,4) DEFAULT NULL,
  `CarboidratosAlim` double(10,4) DEFAULT NULL,
  `FibraAlim` double(10,4) DEFAULT NULL,
  `CalcioAlim` double(10,4) DEFAULT NULL,
  `MagnesioAlim` double(10,4) DEFAULT NULL,
  `FerroAlim` double(10,4) DEFAULT NULL,
  `ZincoAlim` double(10,4) DEFAULT NULL,
  `SodioAlim` double(10,4) DEFAULT NULL,
  `VitCAlim` double(10,4) DEFAULT NULL,
  `VitAAlim` double(10,4) DEFAULT NULL,
  `GSatAlim` double(10,4) DEFAULT NULL,
  PRIMARY KEY (`CodigoAlim`)
) ENGINE=InnoDB AUTO_INCREMENT=607 DEFAULT CHARSET=latin1;
/*!40101 SET character_set_client = @saved_cs_client */;

--
-- Dumping data for table `ALIMENTOS`
--

LOCK TABLES `ALIMENTOS` WRITE;
/*!40000 ALTER TABLE `ALIMENTOS` DISABLE KEYS */;
INSERT INTO `ALIMENTOS` VALUES (1,'Arroz, integral, cozido',1,0.0047,1.2353,0.0259,0.0100,0.2581,0.0275,0.0520,0.5870,0.0026,0.0068,0.0124,0.0000,0.0000,0.0030),(2,'Arroz, integral, cru',1,0.0000,3.5968,0.0732,0.0186,0.7745,0.0482,0.0782,1.0971,0.0095,0.0140,0.0165,0.0000,0.0000,0.0030),(3,'Arroz, tipo 1, cozido',1,0.0020,1.2826,0.0252,0.0023,0.2806,0.0156,0.0354,0.0225,0.0008,0.0049,0.0120,0.0000,0.0000,0.0020),(4,'Arroz, tipo 1, cru',1,0.0020,3.5779,0.0716,0.0034,0.7876,0.0164,0.0441,0.3038,0.0068,0.0122,0.0102,0.0000,0.0000,0.0010),(5,'Arroz, tipo 2, cozido',1,0.0000,1.3012,0.0257,0.0036,0.2819,0.0107,0.0333,0.0605,0.0005,0.0055,0.0196,0.0000,0.0000,0.0010),(6,'Arroz, tipo 2, cru',1,0.0000,3.5812,0.0724,0.0028,0.7888,0.0172,0.0483,0.2924,0.0060,0.0127,0.0057,0.0000,0.0000,0.0010),(7,'Aveia, flocos, crua',1,0.0120,3.9382,0.1392,0.0850,0.6664,0.0913,0.4789,1.1876,0.0445,0.0263,0.0463,0.0135,0.0000,0.0154),(8,'Biscoito, doce, maisena',1,0.0089,4.4282,0.0807,0.1197,0.7523,0.0210,0.5445,0.3714,0.0176,0.0103,3.5203,0.0622,0.0000,0.0390),(9,'Biscoito, doce, recheado com chocolate',1,0.0000,4.7182,0.0640,0.1958,0.7055,0.0296,0.2723,0.4798,0.0227,0.0099,2.3920,0.0353,0.0000,0.0620),(10,'Biscoito, doce, recheado com morango',1,0.0000,4.7117,0.0572,0.1957,0.7101,0.0153,0.3578,0.2710,0.0148,0.0073,2.2982,0.0000,0.0000,0.0610),(11,'Biscoito, doce, wafer, recheado de chocolate',1,0.0000,5.0246,0.0556,0.2467,0.6754,0.0180,0.2334,0.4785,0.0244,0.0087,1.3724,0.0000,0.0000,0.0650),(12,'Biscoito, doce, wafer, recheado de morango',1,0.0000,5.1345,0.0452,0.2640,0.6735,0.0082,0.1371,0.1854,0.0109,0.0051,1.1990,0.0000,0.0000,0.0670),(13,'Biscoito, salgado, cream cracker',1,0.0099,4.3173,0.1006,0.1444,0.6873,0.0251,0.2000,0.3975,0.0220,0.0114,8.5436,0.0000,0.0000,0.0440),(14,'Bolo, mistura para',1,0.0174,4.1863,0.0616,0.0613,0.8471,0.0170,0.5888,0.2792,0.0121,0.0058,4.6288,0.0000,0.0000,0.0209),(15,'Bolo, pronto, aipim',1,0.0000,3.2385,0.0442,0.1275,0.4786,0.0069,0.8502,0.1034,0.0049,0.0042,1.1101,0.0000,0.0000,0.0500),(16,'Bolo, pronto, chocolate',1,0.0000,4.1001,0.0622,0.1847,0.5472,0.0143,0.7458,0.2769,0.0213,0.0071,2.8330,0.0000,0.0000,0.0550),(17,'Bolo, pronto, coco',1,0.0000,3.3344,0.0567,0.1130,0.5228,0.0106,0.5711,0.1625,0.0085,0.0068,1.9034,0.0000,0.0000,0.0490),(18,'Bolo, pronto, milho',1,0.0000,3.1139,0.0480,0.1242,0.4511,0.0071,0.8258,0.1025,0.0065,0.0044,1.3381,0.0000,0.5689,0.0450),(19,'Canjica, branca, crua',1,0.0045,3.5760,0.0720,0.0097,0.7806,0.0550,0.0196,0.1233,0.0032,0.0036,0.0079,0.0000,0.0000,0.0030),(20,'Canjica, com leite integral',1,0.0000,1.1246,0.0236,0.0124,0.2363,0.0122,0.4256,0.0584,0.0006,0.0028,0.2759,0.0000,0.0000,0.0060),(21,'Cereais, milho, flocos, com sal',1,0.0000,3.6960,0.0729,0.0160,0.8084,0.0529,0.0181,0.2010,0.0052,0.0061,2.7174,0.0000,0.0000,0.0050),(22,'Cereais, milho, flocos, sem sal',1,0.0000,3.6334,0.0688,0.0118,0.8045,0.0184,0.0197,0.1655,0.0169,0.0033,0.3097,0.0000,0.0000,0.0030),(23,'Cereais, mingau, milho, infantil',1,0.0000,3.9443,0.0643,0.0109,0.8727,0.0321,2.1881,0.1603,0.0303,0.0036,3.9940,1.0937,0.2142,0.0030),(24,'Cereais, mistura para vitamina, trigo, cevada e aveia',1,0.0000,3.8113,0.0890,0.0212,0.8162,0.0498,5.8425,0.7227,0.1264,0.0202,11.6326,0.1311,0.0000,0.0050),(25,'Cereal matinal, milho',1,0.0000,3.6535,0.0716,0.0096,0.8382,0.0412,1.4292,0.1093,0.0305,0.0763,6.5454,0.1729,0.0000,0.0036),(26,'Cereal matinal, milho, açúcar',1,0.0000,3.7656,0.0474,0.0067,0.8884,0.0211,0.5642,0.0794,0.0390,0.0848,4.0531,0.1455,0.0000,0.0023),(27,'Creme de arroz, pó',1,0.0000,3.8600,0.0703,0.0123,0.8387,0.0107,0.0709,0.5050,0.0063,0.0186,0.0103,0.0000,0.0000,0.0040),(28,'Creme de milho, pó',1,0.0026,3.3303,0.0482,0.0164,0.8615,0.0372,3.2316,0.3006,0.0426,0.0078,5.9379,0.9634,0.0000,0.0030),(29,'Curau, milho verde',1,0.0000,0.7843,0.0236,0.0164,0.1394,0.0046,0.5260,0.1596,0.0045,0.0040,0.2051,0.0000,0.1207,0.0082),(30,'Curau, milho verde, mistura para',1,0.0000,4.0229,0.0222,0.1337,0.7982,0.0252,0.3088,0.0850,0.0086,0.0024,2.2293,0.0000,0.0000,0.0300),(31,'Farinha, de arroz, enriquecida',1,0.0000,3.6306,0.0127,0.0030,0.8550,0.0058,0.0112,0.0430,0.3138,0.0848,0.1710,1.7359,0.0000,0.0020),(32,'Farinha, de centeio, integral',1,0.0000,3.3578,0.1252,0.0175,0.7330,0.1548,0.3392,1.2023,0.0473,0.0266,0.4138,0.0000,0.0000,0.0030),(33,'Farinha, de milho, amarela',1,0.0031,3.5059,0.0719,0.0147,0.7908,0.0549,0.0129,0.3096,0.0225,0.0060,0.4493,0.0000,0.0000,0.0040),(34,'Farinha, de rosca',1,0.0000,3.7058,0.1138,0.0146,0.7579,0.0482,0.3530,0.5688,0.0673,0.0167,3.3250,0.0000,0.0000,0.0060),(35,'Farinha, de trigo',1,0.0029,3.6047,0.0979,0.0137,0.7509,0.0235,0.1786,0.3100,0.0095,0.0083,0.0074,0.0000,0.0000,0.0031),(36,'Farinha, láctea, de cereais',1,0.0275,4.1485,0.1188,0.0579,0.7777,0.0194,1.9606,0.5769,0.0872,0.0173,1.2507,0.2431,4.9225,0.0330),(37,'Lasanha, massa fresca, cozida',1,0.0000,1.6376,0.0581,0.0116,0.3252,0.0164,0.0997,0.0354,0.0119,0.0041,2.0677,0.0000,0.0000,0.0060),(38,'Lasanha, massa fresca, crua',1,0.0000,2.2031,0.0701,0.0134,0.4506,0.0161,0.1655,0.1259,0.0187,0.0076,6.6671,0.0000,0.0000,0.0050),(39,'Macarrão, instantâneo',1,0.0000,4.3586,0.0879,0.1724,0.6243,0.0561,0.1763,0.1937,0.0080,0.0050,15.1553,0.0000,0.0000,0.0000),(40,'Macarrão, trigo, cru',1,0.0049,3.7112,0.1000,0.0130,0.7794,0.0293,0.1730,0.2769,0.0088,0.0078,0.0717,0.0000,0.0000,0.0000),(41,'Macarrão, trigo, cru, com ovos',1,0.0055,3.7057,0.1032,0.0197,0.7662,0.0230,0.1945,0.0000,0.0092,0.0081,0.1474,0.0000,0.0000,0.0054),(42,'Milho, amido, cru',1,0.0046,3.6137,0.0060,0.0000,0.8715,0.0074,0.0106,0.0303,0.0013,0.0008,0.0808,0.0000,0.0000,0.0000),(43,'Milho, fubá, cru',1,0.0016,3.5348,0.0721,0.0190,0.7887,0.0471,0.0267,0.4123,0.0085,0.0109,0.0000,0.0000,0.0000,0.0043),(44,'Milho, verde, cru',1,0.0010,1.3817,0.0659,0.0061,0.2856,0.0392,0.0161,0.3258,0.0041,0.0052,0.0112,0.0000,0.0000,0.0020),(45,'Milho, verde, enlatado, drenado',1,0.0075,0.9756,0.0323,0.0235,0.1714,0.0464,0.0217,0.2038,0.0059,0.0050,2.6035,0.0174,0.0000,0.0060),(46,'Mingau tradicional, pó',1,0.0000,3.7342,0.0058,0.0037,0.8934,0.0088,5.2205,0.0428,0.4199,0.1521,0.1486,0.0000,15.3324,0.0010),(47,'Pamonha, barra para cozimento, pré-cozida',1,0.0000,1.7122,0.0255,0.0485,0.3068,0.0237,0.0416,0.1535,0.0036,0.0042,1.3199,0.0000,0.0000,0.0050),(48,'Pão, aveia, forma',1,0.0000,3.4309,0.1235,0.0569,0.5957,0.0598,1.0869,0.5668,0.0473,0.0173,6.0576,0.0000,0.0000,0.0110),(49,'Pão, de soja',1,0.0000,3.0873,0.1134,0.0358,0.5651,0.0571,0.9024,0.4832,0.0333,0.0146,6.6254,0.0000,0.0000,0.0070),(50,'Pão, glúten, forma',1,0.0000,2.5299,0.1195,0.0273,0.4412,0.0248,1.5572,0.2424,0.0571,0.0128,0.2205,0.0000,0.0000,0.0050),(51,'Pão, milho, forma',1,0.0000,2.9201,0.0830,0.0311,0.5640,0.0430,0.7785,0.2942,0.0304,0.0082,5.0664,0.0000,0.0000,0.0060),(52,'Pão, trigo, forma, integral',1,0.0000,2.5319,0.0943,0.0365,0.4994,0.0688,1.3176,0.6043,0.0299,0.0159,5.0610,0.0000,0.0000,0.0070),(53,'Pão, trigo, francês',1,0.0110,2.9981,0.0795,0.0310,0.5865,0.0231,0.1575,0.2546,0.0100,0.0076,6.4767,0.0000,0.0299,0.0100),(54,'Pão, trigo, sovado',1,0.0000,3.1096,0.0840,0.0284,0.6145,0.0243,0.5162,0.2222,0.0227,0.0266,4.3079,0.0000,0.0000,0.0080),(55,'Pastel, de carne, cru',1,0.0000,2.8870,0.1074,0.0879,0.4202,0.0104,0.1669,0.1771,0.0199,0.0166,13.0927,0.0000,0.0000,0.0369),(56,'Pastel, de carne, frito',1,0.0000,3.8837,0.1010,0.2014,0.4377,0.0099,0.1255,0.1444,0.0251,0.0115,10.3989,0.0000,0.0000,0.0483),(57,'Pastel, de queijo, cru',1,0.0000,3.0847,0.0985,0.0963,0.4595,0.0111,1.5470,0.1581,0.0099,0.0097,9.8457,0.0000,0.0000,0.0000),(58,'Pastel, de queijo, frito',1,0.0000,4.2211,0.0871,0.2267,0.4813,0.0094,1.2613,0.1474,0.0134,0.0076,8.2138,0.0000,0.1758,0.0000),(59,'Pastel, massa, crua',1,0.0000,3.1020,0.0690,0.0548,0.5738,0.0141,0.1261,0.1443,0.0106,0.0061,13.4420,0.0000,0.0000,0.0210),(60,'Pastel, massa, frita',1,0.0000,5.6967,0.0602,0.4086,0.4934,0.0131,0.1127,0.1274,0.0145,0.0052,11.7467,0.0000,0.0000,0.0690),(61,'Pipoca, com óleo de soja, sem sal',1,0.0000,4.4833,0.0993,0.1594,0.7031,0.1434,0.0283,0.9076,0.0116,0.0205,0.0432,0.0000,0.0000,0.0236),(62,'Polenta, pré-cozida',1,0.0000,1.0274,0.0229,0.0030,0.2331,0.0240,0.0109,0.0443,0.0000,0.0005,4.4189,0.0000,0.0000,0.0000),(63,'Torrada, pão francês',1,0.0000,3.7742,0.1052,0.0330,0.7456,0.0340,0.1874,0.3160,0.0124,0.0091,8.2949,0.0000,0.0000,0.0090),(64,'Abóbora, cabotian, cozida',2,0.0000,0.4804,0.0144,0.0073,0.1076,0.0246,0.0763,0.0911,0.0035,0.0029,0.0145,0.0746,0.0000,0.0010),(65,'Abóbora, cabotian, crua',2,0.0010,0.3860,0.0175,0.0054,0.0836,0.0217,0.1796,0.0882,0.0037,0.0032,0.0000,0.0509,0.0000,0.0012),(66,'Abóbora, menina brasileira, crua',2,0.0000,0.1361,0.0061,0.0000,0.0330,0.0117,0.0874,0.0409,0.0015,0.0000,0.0000,0.0150,0.0000,0.0000),(67,'Abóbora, moranga, crua',2,0.0000,0.1236,0.0096,0.0006,0.0267,0.0170,0.0305,0.0185,0.0000,0.0007,0.0000,0.0965,0.0000,0.0000),(68,'Abóbora, moranga, refogada',2,0.0000,0.2900,0.0039,0.0080,0.0598,0.0155,0.1908,0.0749,0.0011,0.0008,0.0303,0.0673,0.0000,0.0012),(69,'Abóbora, pescoço, crua',2,0.0000,0.2447,0.0067,0.0012,0.0612,0.0230,0.0881,0.0742,0.0028,0.0018,0.0075,0.0209,0.0000,0.0000),(70,'Abobrinha, italiana, cozida',2,0.0000,0.1504,0.0113,0.0020,0.0298,0.0159,0.1673,0.1686,0.0016,0.0026,0.0083,0.0213,0.0000,0.0010),(71,'Abobrinha, italiana, crua',2,0.0014,0.1928,0.0114,0.0014,0.0429,0.0135,0.1513,0.1995,0.0024,0.0017,0.0000,0.0687,0.0000,0.0000),(72,'Abobrinha, italiana, refogada',2,0.0000,0.2443,0.0107,0.0082,0.0419,0.0138,0.2067,0.1267,0.0036,0.0027,0.0221,0.0753,0.0000,0.0013),(73,'Abobrinha, paulista, crua',2,0.0000,0.3081,0.0064,0.0014,0.0787,0.0261,0.1867,0.0939,0.0017,0.0018,0.0050,0.1755,0.0000,0.0000),(74,'Acelga, crua',2,0.0018,0.2094,0.0144,0.0011,0.0463,0.0112,0.4299,0.1040,0.0027,0.0031,0.0118,0.2255,0.0000,0.0000),(75,'Agrião, cru',2,0.0029,0.1658,0.0269,0.0024,0.0225,0.0214,1.3253,0.1816,0.0311,0.0072,0.0746,0.6010,0.0000,0.0000),(76,'Aipo, cru',2,0.0000,0.1909,0.0076,0.0007,0.0427,0.0096,0.6522,0.0886,0.0072,0.0014,0.0952,0.0588,0.0000,0.0000),(77,'Alface, americana, crua',2,0.0000,0.0879,0.0061,0.0013,0.0175,0.0102,0.1444,0.0574,0.0027,0.0023,0.0731,0.1096,0.0000,0.0000),(78,'Alface, crespa, crua',2,0.0000,0.1068,0.0135,0.0016,0.0170,0.0183,0.3798,0.1097,0.0040,0.0025,0.0338,0.1558,0.0000,0.0000),(79,'Alface, lisa, crua',2,0.0036,0.1382,0.0169,0.0012,0.0243,0.0233,0.2751,0.0911,0.0061,0.0035,0.0423,0.2139,0.0000,0.0000),(80,'Alface, roxa, crua',2,0.0000,0.1272,0.0091,0.0019,0.0249,0.0201,0.3383,0.0931,0.0248,0.0023,0.0712,0.1347,0.0000,0.0000),(81,'Alfavaca, crua',2,0.0000,0.2918,0.0266,0.0048,0.0524,0.0414,2.5850,0.8424,0.0126,0.0071,0.0455,0.0000,0.0000,0.0010),(82,'Alho, cru',2,0.0090,1.1313,0.0701,0.0022,0.2391,0.0432,0.1356,0.2129,0.0080,0.0082,0.0536,0.0000,0.0000,0.0000),(83,'Alho-poró, cru',2,0.0000,0.3151,0.0141,0.0014,0.0688,0.0251,0.3362,0.1069,0.0064,0.0024,0.0176,0.1415,0.0000,0.0000),(84,'Almeirão, cru',2,0.0021,0.1803,0.0177,0.0022,0.0334,0.0259,0.1950,0.2111,0.0074,0.0029,0.0235,0.0169,0.0000,0.0000),(85,'Almeirão, refogado',2,0.0000,0.6508,0.0170,0.0485,0.0570,0.0343,0.6340,0.1728,0.0155,0.0019,0.1452,0.0147,0.0000,0.0080),(86,'Batata, baroa, cozida',2,0.0000,0.8012,0.0085,0.0017,0.1895,0.0176,0.1185,0.0758,0.0042,0.0038,0.0210,0.1710,0.0000,0.0000),(87,'Batata, baroa, crua',2,0.0157,1.0098,0.0105,0.0017,0.2398,0.0206,0.1713,0.1199,0.0030,0.0020,0.0000,0.0755,0.0000,0.0000),(88,'Batata, doce, cozida',2,0.0000,0.7676,0.0064,0.0009,0.1842,0.0221,0.1715,0.1116,0.0019,0.0012,0.0270,0.2379,0.0000,0.0000),(89,'Batata, doce, crua',2,0.0016,1.1824,0.0126,0.0013,0.2820,0.0257,0.2111,0.1689,0.0039,0.0020,0.0877,0.1648,0.0000,0.0000),(90,'Batata, frita, tipo chips, industrializada',2,0.0000,5.4273,0.0558,0.3662,0.5122,0.0246,0.1160,0.2424,0.0070,0.0059,6.0740,0.0000,0.0000,0.1290),(91,'Batata, inglesa, cozida',2,0.0000,0.5159,0.0116,0.0000,0.1194,0.0134,0.0352,0.0543,0.0019,0.0019,0.0229,0.0376,0.0000,0.0000),(92,'Batata, inglesa, crua',2,0.0014,0.6437,0.0177,0.0000,0.1469,0.0116,0.0355,0.1458,0.0036,0.0024,0.0000,0.3108,0.0000,0.0000),(93,'Batata, inglesa, frita',2,0.0000,2.6716,0.0497,0.1311,0.3564,0.0806,0.0628,0.1411,0.0044,0.0038,0.0191,0.1634,0.0000,0.0210),(94,'Batata, inglesa, sauté',2,0.0000,0.6789,0.0129,0.0090,0.1409,0.0138,0.0418,0.0646,0.0025,0.0021,0.0818,0.0000,0.0000,0.0030),(95,'Berinjela, cozida',2,0.0000,0.1885,0.0068,0.0015,0.0447,0.0252,0.1077,0.0882,0.0022,0.0013,0.0132,0.0000,0.0000,0.0000),(96,'Berinjela, crua',2,0.0010,0.1963,0.0122,0.0010,0.0443,0.0287,0.0922,0.1291,0.0025,0.0012,0.0000,0.0301,0.0000,0.0000),(97,'Beterraba, cozida',2,0.0000,0.3215,0.0129,0.0009,0.0723,0.0188,0.1526,0.1654,0.0024,0.0035,0.2276,0.0124,0.0000,0.0000),(98,'Beterraba, crua',2,0.0014,0.4883,0.0195,0.0009,0.1111,0.0337,0.1811,0.2443,0.0032,0.0052,0.0972,0.0312,0.0000,0.0000),(99,'Biscoito, polvilho doce',2,0.0000,4.3755,0.0129,0.1225,0.8054,0.0116,0.3045,0.0585,0.0177,0.0015,0.9780,0.0000,0.0000,0.0240),(100,'Brócolis, cozido',2,0.0000,0.2464,0.0213,0.0046,0.0437,0.0342,0.5075,0.1455,0.0054,0.0024,0.0212,0.4200,0.0000,0.0010),(101,'Brócolis, cru',2,0.0023,0.2550,0.0364,0.0027,0.0403,0.0288,0.8587,0.2957,0.0061,0.0048,0.0333,0.3428,0.0000,0.0014),(102,'Cará, cozido',2,0.0000,0.7758,0.0153,0.0011,0.1885,0.0263,0.0517,0.1484,0.0031,0.0024,0.0101,0.0000,0.0000,0.0000),(103,'Cará, cru',2,0.0018,0.9563,0.0228,0.0014,0.2295,0.0727,0.0391,0.1147,0.0021,0.0018,0.0000,0.0879,0.0000,0.0000),(104,'Caruru, cru',2,0.0000,0.3403,0.0320,0.0059,0.0597,0.0447,4.5530,1.9744,0.0446,0.0603,0.1366,0.0536,0.0000,0.0010),(105,'Catalonha, crua',2,0.0000,0.2389,0.0187,0.0028,0.0475,0.0205,0.5680,0.1730,0.0308,0.0048,0.0939,0.0733,0.0000,0.0010),(106,'Catalonha, refogada',2,0.0000,0.6345,0.0195,0.0481,0.0481,0.0365,0.6322,0.1635,0.0118,0.0044,0.2472,0.0000,0.0000,0.0071),(107,'Cebola, crua',2,0.0029,0.3942,0.0171,0.0008,0.0885,0.0219,0.1400,0.1192,0.0020,0.0017,0.0060,0.0467,0.0000,0.0000),(108,'Cebolinha, crua',2,0.0093,0.1952,0.0187,0.0035,0.0337,0.0355,0.7985,0.2459,0.0065,0.0030,0.0160,0.3178,0.0000,0.0000),(109,'Cenoura, cozida',2,0.0000,0.2986,0.0085,0.0022,0.0669,0.0263,0.2562,0.1448,0.0009,0.0023,0.0788,0.0000,0.0000,0.0000),(110,'Cenoura, crua',2,0.0014,0.3414,0.0132,0.0017,0.0766,0.0318,0.2254,0.1123,0.0018,0.0022,0.0333,0.0512,0.0000,0.0000),(111,'Chicória, crua',2,0.0032,0.1384,0.0114,0.0014,0.0285,0.0220,0.4483,0.1414,0.0045,0.0009,0.1352,0.0654,0.0000,0.0000),(112,'Chuchu, cozido',2,0.0000,0.1854,0.0041,0.0000,0.0479,0.0104,0.0783,0.0693,0.0006,0.0009,0.0181,0.0557,0.0000,0.0000),(113,'Chuchu, cru',2,0.0009,0.1698,0.0070,0.0006,0.0414,0.0128,0.1151,0.0723,0.0017,0.0010,0.0000,0.1061,0.0000,0.0000),(114,'Coentro, folhas desidratadas',2,0.0043,3.0907,0.2088,0.1039,0.4796,0.3729,7.8381,3.9279,0.8143,0.0470,0.1826,0.4077,0.0000,0.0000),(115,'Couve, manteiga, crua',2,0.0043,0.2706,0.0287,0.0055,0.0433,0.0312,1.3087,0.3466,0.0045,0.0040,0.0617,0.9668,0.0000,0.0012),(116,'Couve, manteiga, refogada ',2,0.0000,0.9034,0.0167,0.0659,0.0871,0.0574,1.7733,0.2620,0.0050,0.0019,0.1145,0.7694,0.0000,0.0100),(117,'Couve-flor, crua',2,0.0015,0.2256,0.0191,0.0021,0.0452,0.0235,0.1782,0.1199,0.0053,0.0031,0.0344,0.3605,0.0000,0.0000),(118,'Couve-flor, cozida',2,0.0000,0.1911,0.0124,0.0027,0.0388,0.0213,0.1614,0.0544,0.0013,0.0026,0.0179,0.2370,0.0000,0.0010),(119,'Espinafre, Nova Zelândia, cru',2,0.0000,0.1610,0.0200,0.0024,0.0257,0.0210,0.9751,0.8164,0.0036,0.0027,0.1709,0.0242,0.0000,0.0000),(120,'Espinafre, Nova Zelândia, refogado',2,0.0000,0.6725,0.0272,0.0543,0.0424,0.0252,1.1238,1.2271,0.0065,0.0059,0.4702,0.0527,0.0000,0.0090),(121,'Farinha, de mandioca, crua',2,0.0037,3.6087,0.0155,0.0028,0.8790,0.0639,0.6487,0.3700,0.0109,0.0039,0.0102,0.0000,0.0000,0.0010),(122,'Farinha, de mandioca, torrada',2,0.0000,3.6527,0.0123,0.0029,0.8919,0.0654,0.7553,0.4001,0.0119,0.0036,0.1031,0.0000,0.0000,0.0010),(123,'Farinha, de puba',2,0.0000,3.6018,0.0162,0.0047,0.8729,0.0424,0.4140,0.2749,0.0143,0.0034,0.0361,0.0000,0.0000,0.0023),(124,'Fécula, de mandioca',2,0.0000,3.3085,0.0052,0.0028,0.8115,0.0065,0.1189,0.0302,0.0011,0.0000,0.0245,0.0000,0.0000,0.0000),(125,'Feijão, broto, cru',2,0.0000,0.3872,0.0417,0.0010,0.0776,0.0197,0.1448,0.2513,0.0082,0.0057,0.0179,0.1200,0.0000,0.0000),(126,'Inhame, cru',2,0.0013,0.9670,0.0205,0.0021,0.2323,0.0165,0.1180,0.2876,0.0036,0.0030,0.0000,0.0562,0.0000,0.0008),(127,'Jiló, cru',2,0.0000,0.2737,0.0140,0.0022,0.0619,0.0483,0.1997,0.2063,0.0034,0.0014,0.0000,0.0679,0.0000,0.0007),(128,'Jurubeba, crua',2,0.0000,1.2581,0.0441,0.0391,0.2306,0.2392,1.5102,0.6532,0.0095,0.0063,0.0077,0.1383,0.0000,0.0050),(129,'Mandioca, cozida',2,0.0000,1.2536,0.0058,0.0030,0.3009,0.0156,0.1863,0.2682,0.0007,0.0017,0.0091,0.1107,0.0000,0.0010),(130,'Mandioca, crua',2,0.0006,1.5142,0.0113,0.0030,0.3617,0.0188,0.1519,0.4450,0.0027,0.0020,0.0215,0.1653,0.0000,0.0006),(131,'Mandioca, farofa, temperada',2,0.0000,4.0569,0.0206,0.0912,0.8030,0.0782,0.6569,0.3434,0.0136,0.0017,5.7451,0.0000,0.0000,0.0190),(132,'Mandioca, frita',2,0.0000,3.0006,0.0138,0.1120,0.5025,0.0187,0.2305,0.9487,0.0032,0.0044,0.0894,0.0000,0.0000,0.0170),(133,'Manjericão, cru',2,0.0000,0.2115,0.0199,0.0039,0.0364,0.0331,2.1092,0.5781,0.0097,0.0046,0.0389,0.0234,0.0000,0.0013),(134,'Maxixe, cru',2,0.0000,0.1375,0.0139,0.0007,0.0273,0.0219,0.2087,0.0961,0.0035,0.0018,0.1099,0.0963,0.0000,0.0000),(135,'Mostarda, folha, crua',2,0.0020,0.1811,0.0211,0.0017,0.0324,0.0189,0.6818,0.1562,0.0110,0.0028,0.0288,0.3855,0.0000,0.0000),(136,'Nhoque, batata, cozido',2,0.0000,1.8078,0.0586,0.0194,0.3678,0.0178,0.1142,0.1790,0.0165,0.0048,0.0707,0.0000,0.1547,0.0056),(137,'Nabo, cru',2,0.0000,0.1819,0.0120,0.0005,0.0415,0.0264,0.4239,0.1460,0.0022,0.0019,0.0246,0.0955,0.0000,0.0000),(138,'Palmito, juçara, em conserva',2,0.0000,0.2320,0.0179,0.0040,0.0433,0.0315,0.5829,0.3370,0.0030,0.0073,5.1382,0.0198,0.0000,0.0010),(139,'Palmito, pupunha, em conserva',2,0.0000,0.2943,0.0246,0.0045,0.0551,0.0255,0.3244,0.2549,0.0018,0.0036,5.6269,0.0866,0.0000,0.0000),(140,'Pão, de queijo, assado',2,0.0000,3.6308,0.0512,0.2457,0.3424,0.0056,1.0249,0.0824,0.0028,0.0063,7.7349,0.0000,0.6131,0.0000),(141,'Pão, de queijo, cru',2,0.0000,2.9454,0.0365,0.1399,0.3851,0.0098,0.8756,0.0683,0.0029,0.0043,4.0499,0.0000,0.4750,0.0340),(142,'Pepino, cru',2,0.0013,0.0953,0.0087,0.0000,0.0204,0.0112,0.0962,0.0934,0.0015,0.0013,0.0000,0.0499,0.0000,0.0000),(143,'Pimentão, amarelo, cru',2,0.0000,0.2793,0.0122,0.0044,0.0596,0.0192,0.0961,0.1090,0.0041,0.0015,0.0000,2.0136,0.0000,0.0000),(144,'Pimentão, verde, cru',2,0.0024,0.2129,0.0105,0.0015,0.0489,0.0256,0.0876,0.0779,0.0041,0.0014,0.0000,1.0021,0.0000,0.0000),(145,'Pimentão, vermelho, cru',2,0.0000,0.2328,0.0104,0.0015,0.0547,0.0159,0.0637,0.1113,0.0033,0.0015,0.0000,1.5821,0.0000,0.0000),(146,'Polvilho, doce',2,0.0000,3.5123,0.0043,0.0000,0.8677,0.0024,0.2741,0.0410,0.0051,0.0000,0.0158,0.0000,0.0000,0.0000),(147,'Quiabo, cru',2,0.0021,0.2994,0.0192,0.0030,0.0637,0.0455,1.1216,0.4997,0.0037,0.0059,0.0089,0.0560,0.0000,0.0000),(148,'Rabanete, cru',2,0.0000,0.1374,0.0139,0.0007,0.0273,0.0219,0.2087,0.0961,0.0035,0.0018,0.1099,0.0963,0.0000,0.0000),(149,'Repolho, branco, cru',2,0.0006,0.1712,0.0088,0.0014,0.0386,0.0189,0.3455,0.0851,0.0015,0.0015,0.0364,0.1872,0.0000,0.0000),(150,'Repolho, roxo, cru',2,0.0000,0.3091,0.0191,0.0006,0.0720,0.0197,0.4367,0.1802,0.0052,0.0025,0.0234,0.4320,0.0000,0.0000),(151,'Repolho, roxo, refogado',2,0.0000,0.4177,0.0180,0.0124,0.0756,0.0175,0.4259,0.1725,0.0047,0.0026,0.0342,0.4052,0.0000,0.0019),(152,'Rúcula, crua',2,0.0029,0.1313,0.0177,0.0011,0.0222,0.0174,1.1656,0.1779,0.0094,0.0023,0.0942,0.4629,0.0000,0.0000),(153,'Salsa, crua',2,0.0000,0.3342,0.0326,0.0061,0.0571,0.0185,1.7941,0.2090,0.0318,0.0132,0.0230,0.5169,0.0000,0.0008),(154,'Seleta de legumes, enlatada',2,0.0000,0.5653,0.0342,0.0035,0.1267,0.0309,0.1616,0.1561,0.0106,0.0053,3.9814,0.0000,0.0000,0.0012),(155,'Serralha, crua',2,0.0000,0.3040,0.0267,0.0074,0.0495,0.0352,1.2602,0.2955,0.0127,0.0133,0.1935,0.0151,0.0000,0.0010),(156,'Taioba, crua',2,0.0039,0.3421,0.0290,0.0093,0.0543,0.0445,1.4109,0.3792,0.0191,0.0061,0.0116,0.1794,0.0000,0.0020),(157,'Tomate, com semente, cru',2,0.0022,0.1534,0.0110,0.0017,0.0314,0.0117,0.0694,0.1054,0.0024,0.0014,0.0102,0.2121,0.0000,0.0000),(158,'Tomate, extrato',2,0.0056,0.6093,0.0243,0.0019,0.1496,0.0280,0.2908,0.2933,0.0209,0.0037,4.9793,0.1801,0.0000,0.0000),(159,'Tomate, molho industrializado',2,0.0000,0.3845,0.0138,0.0090,0.0771,0.0312,0.1173,0.1679,0.0158,0.0013,4.1828,0.0271,0.0000,0.0010),(160,'Tomate, purê',2,0.0000,0.2794,0.0136,0.0000,0.0689,0.0103,0.1324,0.1544,0.0125,0.0033,1.0393,0.0538,0.0000,0.0000),(161,'Tomate, salada',2,0.0000,0.2055,0.0081,0.0000,0.0512,0.0227,0.0695,0.0950,0.0029,0.0017,0.0524,0.1280,0.0000,0.0000),(162,'Vagem, crua',2,0.0030,0.2490,0.0179,0.0017,0.0535,0.0238,0.4110,0.1783,0.0043,0.0033,0.0000,0.0115,0.0000,0.0000),(163,'Abacate, cru',3,0.0025,0.9615,0.0124,0.0840,0.0603,0.0631,0.0792,0.1468,0.0021,0.0022,0.0000,0.0866,0.0000,0.0230),(164,'Abacaxi, cru',3,0.0015,0.4832,0.0086,0.0012,0.1233,0.0099,0.2243,0.1844,0.0026,0.0014,0.0000,0.3462,0.0000,0.0000),(165,'Abacaxi, polpa, congelada',3,0.0154,0.3059,0.0047,0.0011,0.0780,0.0033,0.1354,0.1007,0.0036,0.0006,0.0124,0.0125,0.0000,0.0000),(166,'Abiu, cru',3,0.0000,0.6242,0.0083,0.0070,0.1493,0.0170,0.0578,0.0930,0.0016,0.0010,0.0000,0.1028,0.0000,0.0030),(167,'Açaí, polpa, com xarope de guaraná e glucose',3,0.0000,1.1030,0.0072,0.0366,0.2146,0.0172,0.2216,0.1273,0.0027,0.0019,0.1510,0.1027,0.0000,0.0070),(168,'Açaí, polpa, congelada',3,0.0000,0.5805,0.0080,0.0394,0.0621,0.0255,0.3518,0.1704,0.0043,0.0027,0.0518,0.0000,0.0000,0.0073),(169,'Acerola, crua',3,0.0092,0.3346,0.0091,0.0021,0.0797,0.0151,0.1255,0.1313,0.0022,0.0015,0.0000,9.4137,0.0000,0.0000),(170,'Acerola, polpa, congelada',3,0.0154,0.2194,0.0059,0.0000,0.0554,0.0070,0.0759,0.0866,0.0017,0.0007,0.0128,6.2324,0.0000,0.0000),(171,'Ameixa, calda, enlatada ',3,0.0000,1.8285,0.0041,0.0000,0.4689,0.0052,0.1315,0.0996,0.0215,0.0014,0.0270,0.0427,0.0000,0.0000),(172,'Ameixa, crua',3,0.0000,0.5254,0.0077,0.0000,0.1385,0.0243,0.0572,0.0548,0.0010,0.0005,0.0000,0.0763,0.0000,0.0000),(173,'Ameixa, em calda, enlatada, drenada ',3,0.0000,1.7736,0.0103,0.0028,0.4766,0.0455,0.3924,0.1449,0.0270,0.0020,0.0279,0.0515,0.0000,0.0010),(174,'Atemóia, crua',3,0.0000,0.9697,0.0097,0.0030,0.2533,0.0214,0.2277,0.2484,0.0016,0.0019,0.0078,0.1015,0.0000,0.0010),(175,'Banana, da terra, crua',3,0.0017,1.2802,0.0143,0.0024,0.3367,0.0153,0.0415,0.2379,0.0029,0.0016,0.0000,0.1575,0.0000,0.0000),(176,'Banana, doce em barra',3,0.0000,2.8011,0.0217,0.0005,0.7567,0.0383,0.1195,0.4919,0.0061,0.0030,0.0988,0.0000,0.0000,0.0000),(177,'Banana, figo, crua',3,0.0000,1.0508,0.0113,0.0014,0.2780,0.0280,0.0636,0.3016,0.0020,0.0012,0.0000,0.1750,0.0000,0.0000),(178,'Banana, maçã, crua',3,0.0000,0.8681,0.0175,0.0006,0.2234,0.0259,0.0322,0.2369,0.0020,0.0012,0.0000,0.1047,0.0000,0.0000),(179,'Banana, nanica, crua',3,0.0000,0.9153,0.0140,0.0012,0.2385,0.0195,0.0342,0.2780,0.0035,0.0018,0.0000,0.0586,0.0000,0.0000),(180,'Banana, ouro, crua',3,0.0000,1.1237,0.0148,0.0021,0.2934,0.0195,0.0319,0.2838,0.0034,0.0026,0.0000,0.0756,0.0000,0.0000),(181,'Banana, pacova, crua',3,0.0000,0.7791,0.0123,0.0008,0.2031,0.0203,0.0549,0.3041,0.0037,0.0014,0.0094,0.0000,0.0000,0.0000),(182,'Banana, prata, crua',3,0.0017,0.9825,0.0127,0.0007,0.2596,0.0204,0.0756,0.2629,0.0038,0.0015,0.0000,0.2159,0.0000,0.0000),(183,'Cacau, cru',3,0.0000,0.7429,0.0095,0.0014,0.1941,0.0219,0.1210,0.2462,0.0026,0.0059,0.0070,0.1356,0.0000,0.0000),(184,'Cajá-Manga, cru',3,0.0000,0.4558,0.0128,0.0000,0.1143,0.0258,0.1274,0.1128,0.0015,0.0018,0.0144,0.2670,0.0000,0.0000),(185,'Cajá, polpa, congelada',3,0.0154,0.2633,0.0059,0.0017,0.0637,0.0136,0.0916,0.0717,0.0032,0.0005,0.0694,0.0000,0.0000,0.0000),(186,'Caju, cru',3,0.0000,0.4307,0.0097,0.0033,0.1029,0.0168,0.0142,0.1011,0.0015,0.0009,0.0297,2.1933,0.0000,0.0000),(187,'Caju, polpa, congelada',3,0.0154,0.3657,0.0048,0.0015,0.0935,0.0081,0.0084,0.0707,0.0015,0.0008,0.0416,1.1972,0.0000,0.0000),(188,'Caju, suco concentrado, envasado',3,0.0060,0.4511,0.0040,0.0020,0.1073,0.0063,0.0098,0.0845,0.0015,0.0007,0.4504,1.3870,0.0000,0.0000),(189,'Caqui, chocolate, cru',3,0.0042,0.7135,0.0036,0.0007,0.1933,0.0652,0.1785,0.0855,0.0010,0.0019,0.0218,0.2961,0.0000,0.0000),(190,'Carambola, crua',3,0.0000,0.4574,0.0087,0.0018,0.1148,0.0203,0.0479,0.0736,0.0020,0.0024,0.0409,0.6087,0.0000,0.0000),(191,'Ciriguela, crua',3,0.0000,0.7559,0.0140,0.0036,0.1886,0.0390,0.2741,0.1796,0.0036,0.0053,0.0168,0.2703,0.0000,0.0020),(192,'Cupuaçu, cru',3,0.0000,0.4942,0.0116,0.0095,0.1043,0.0312,0.1312,0.1817,0.0049,0.0034,0.0320,0.2451,0.0000,0.0040),(193,'Cupuaçu, polpa, congelada',3,0.0000,0.4880,0.0084,0.0059,0.1139,0.0159,0.0549,0.1391,0.0026,0.0015,0.0069,0.1049,0.0000,0.0030),(194,'Figo, cru',3,0.0000,0.4145,0.0097,0.0016,0.1025,0.0179,0.2739,0.1131,0.0020,0.0009,0.0000,0.0079,0.0000,0.0000),(195,'Figo, enlatado, em calda',3,0.0000,1.8436,0.0056,0.0015,0.5034,0.0198,0.3262,0.0685,0.0050,0.0009,0.0687,0.0524,0.0000,0.0000),(196,'Fruta-pão, crua',3,0.0000,0.6705,0.0108,0.0019,0.1717,0.0555,0.3368,0.2403,0.0023,0.0013,0.0080,0.0987,0.0000,0.0010),(197,'Goiaba, branca, com casca, crua',3,0.0000,0.5174,0.0090,0.0049,0.1240,0.0633,0.0501,0.0704,0.0017,0.0016,0.0000,0.9919,0.0000,0.0006),(198,'Goiaba, doce em pasta',3,0.0164,2.6896,0.0058,0.0000,0.7412,0.0373,0.1006,0.0649,0.0040,0.0009,0.0370,0.2306,0.0000,0.0000),(199,'Goiaba, doce, cascão',3,0.0000,2.8559,0.0041,0.0010,0.7870,0.0437,0.1470,0.0967,0.0040,0.0014,0.1103,0.3433,0.0000,0.0000),(200,'Goiaba, vermelha, com casca, crua',3,0.0027,0.5417,0.0109,0.0044,0.1301,0.0622,0.0445,0.0689,0.0017,0.0013,0.0000,0.8060,0.0000,0.0005),(201,'Graviola, crua',3,0.0000,0.6162,0.0085,0.0021,0.1584,0.0191,0.4012,0.2350,0.0017,0.0013,0.0416,0.1914,0.0000,0.0000),(202,'Graviola, polpa, congelada',3,0.0154,0.3827,0.0057,0.0014,0.0978,0.0119,0.0598,0.0976,0.0010,0.0005,0.0305,0.1048,0.0000,0.0000),(203,'Jabuticaba, crua',3,0.0000,0.5805,0.0061,0.0013,0.1526,0.0230,0.0835,0.1778,0.0009,0.0028,0.0000,0.1617,0.0000,0.0000),(204,'Jaca, crua',3,0.0000,0.8792,0.0140,0.0027,0.2250,0.0239,0.1125,0.4005,0.0038,0.0017,0.0180,0.1482,0.0000,0.0010),(205,'Jambo, cru',3,0.0000,0.2691,0.0089,0.0007,0.0649,0.0507,0.1380,0.1418,0.0014,0.0011,0.2166,0.0377,0.0000,0.0000),(206,'Jamelão, cru',3,0.0000,0.4101,0.0055,0.0011,0.1063,0.0178,0.0309,0.0216,0.0005,0.0005,0.0137,0.2707,0.0000,0.0000),(207,'Kiwi, cru',3,0.0000,0.5114,0.0134,0.0063,0.1150,0.0265,0.2391,0.1058,0.0025,0.0007,0.0000,0.7078,0.0000,0.0006),(208,'Laranja, baía, crua',3,0.0014,0.4544,0.0098,0.0010,0.1147,0.0112,0.3541,0.0922,0.0014,0.0006,0.0000,0.5687,0.0000,0.0000),(209,'Laranja, baía, suco',3,0.0000,0.3665,0.0065,0.0000,0.0870,0.0000,0.0593,0.0780,0.0006,0.0000,0.0000,0.9448,0.0000,0.0000),(210,'Laranja, da terra, crua',3,0.0000,0.5147,0.0108,0.0019,0.1286,0.0398,0.5108,0.1406,0.0015,0.0022,0.0083,0.3468,0.0000,0.0000),(211,'Laranja, da terra, suco',3,0.0000,0.4096,0.0067,0.0014,0.0957,0.0103,0.1339,0.1011,0.0009,0.0007,0.0000,0.4432,0.0000,0.0000),(212,'Laranja, lima, crua',3,0.0014,0.4570,0.0106,0.0008,0.1153,0.0178,0.3147,0.1016,0.0012,0.0012,0.0111,0.4346,0.0000,0.0000),(213,'Laranja, lima, suco',3,0.0016,0.3934,0.0071,0.0012,0.0917,0.0042,0.0774,0.1089,0.0000,0.0003,0.0000,0.4130,0.0000,0.0000),(214,'Laranja, pêra, crua',3,0.0014,0.3677,0.0104,0.0013,0.0895,0.0077,0.2189,0.0861,0.0009,0.0006,0.0000,0.5373,0.0000,0.0000),(215,'Laranja, pêra, suco',3,0.0000,0.3271,0.0074,0.0007,0.0755,0.0000,0.0737,0.0759,0.0000,0.0000,0.0000,0.7334,0.0000,0.0000),(216,'Laranja, valência, crua',3,0.0000,0.4611,0.0077,0.0016,0.1172,0.0173,0.3374,0.1440,0.0009,0.0011,0.0063,0.4785,0.0000,0.0000),(217,'Laranja, valência, suco',3,0.0000,0.3620,0.0048,0.0012,0.0855,0.0042,0.0908,0.0959,0.0000,0.0000,0.0000,0.0000,0.0000,0.0000),(218,'Limão, cravo, suco',3,0.0014,0.1410,0.0033,0.0000,0.0525,0.0000,0.1018,0.0886,0.0008,0.0000,0.0000,0.3278,0.0000,0.0000),(219,'Limão, galego, suco',3,0.0014,0.2223,0.0057,0.0007,0.0732,0.0000,0.0526,0.0592,0.0005,0.0005,0.0000,0.3450,0.0000,0.0000),(220,'Limão, tahiti, cru',3,0.0014,0.3182,0.0094,0.0014,0.1108,0.0118,0.5098,0.0970,0.0018,0.0021,0.0125,0.3824,0.0000,0.0000),(221,'Maçã, Argentina, com casca, crua',3,0.0000,0.6253,0.0023,0.0025,0.1659,0.0203,0.0339,0.0486,0.0005,0.0000,0.0132,0.0149,0.0000,0.0010),(222,'Maçã, Fuji, com casca, crua',3,0.0029,0.5552,0.0029,0.0000,0.1515,0.0135,0.0192,0.0204,0.0009,0.0000,0.0000,0.0241,0.0000,0.0000),(223,'Macaúba, crua',3,0.0000,4.0428,0.0208,0.4066,0.1395,0.1344,0.6653,0.6605,0.0081,0.0066,0.0065,0.1344,0.0000,0.0710),(224,' Mamão, doce em calda, drenado',3,0.0013,1.9563,0.0019,0.0007,0.5400,0.0131,0.2001,0.0581,0.0011,0.0007,0.0291,0.0390,0.0000,0.0000),(225,'Mamão, Formosa, cru',3,0.0014,0.4534,0.0082,0.0012,0.1155,0.0181,0.2487,0.1732,0.0023,0.0007,0.0326,0.7853,0.0000,0.0000),(226,'Mamão, Papaia, cru',3,0.0014,0.4016,0.0046,0.0012,0.1044,0.0104,0.2242,0.2218,0.0019,0.0007,0.0163,0.8221,0.0000,0.0000),(227,' Mamão verde, doce em calda, drenado',3,0.0000,2.0938,0.0032,0.0010,0.5764,0.0123,0.1244,0.0454,0.0015,0.0002,0.0474,0.0000,0.0000,0.0000),(228,'Manga, Haden, crua',3,0.0000,0.6350,0.0041,0.0026,0.1666,0.0158,0.1166,0.0782,0.0010,0.0007,0.0055,0.1741,0.0000,0.0010),(229,'Manga, Palmer, crua',3,0.0022,0.7249,0.0041,0.0017,0.1935,0.0163,0.1164,0.0873,0.0009,0.0009,0.0186,0.6552,0.0000,0.0000),(230,'Manga, polpa, congelada',3,0.0150,0.4831,0.0038,0.0023,0.1252,0.0107,0.0712,0.0949,0.0009,0.0007,0.0673,0.2490,0.0000,0.0010),(231,'Manga, Tommy Atkins, crua',3,0.0000,0.5069,0.0086,0.0022,0.1277,0.0207,0.0764,0.0740,0.0008,0.0008,0.0000,0.0794,0.0000,0.0010),(232,'Maracujá, cru',3,0.0024,0.6844,0.0199,0.0210,0.1226,0.0114,0.0539,0.2797,0.0056,0.0039,0.0158,0.1984,0.0000,0.0022),(233,'Maracujá, polpa, congelada',3,0.0154,0.3876,0.0081,0.0018,0.0960,0.0051,0.0461,0.0970,0.0029,0.0019,0.0810,0.0726,0.0000,0.0000),(234,'Maracujá, suco concentrado, envasado',3,0.0098,0.4197,0.0077,0.0019,0.0964,0.0035,0.0416,0.0416,0.0035,0.0014,0.2169,0.1368,0.0000,0.0000),(235,'Melancia, crua',3,0.0009,0.3261,0.0088,0.0000,0.0814,0.0012,0.0772,0.0963,0.0023,0.0010,0.0000,0.0615,0.0000,0.0000),(236,'Melão, cru',3,0.0026,0.2937,0.0068,0.0000,0.0753,0.0025,0.0286,0.0595,0.0023,0.0009,0.1117,0.0868,0.0000,0.0000),(237,'Mexerica, Murcote, crua',3,0.0000,0.5759,0.0088,0.0013,0.1486,0.0307,0.3307,0.1230,0.0007,0.0010,0.0117,0.2180,0.0000,0.0000),(238,'Mexerica, Rio, crua',3,0.0000,0.3687,0.0065,0.0013,0.0934,0.0273,0.1718,0.0821,0.0009,0.0015,0.0182,1.1197,0.0000,0.0000),(239,'Morango, cru',3,0.0000,0.3015,0.0089,0.0031,0.0682,0.0172,0.1090,0.0967,0.0032,0.0018,0.0000,0.6360,0.0000,0.0000),(240,'Nêspera, crua',3,0.0000,0.4254,0.0031,0.0000,0.1153,0.0296,0.1969,0.0972,0.0015,0.0012,0.0000,0.0316,0.0000,0.0000),(241,'Pequi, cru',3,0.0051,2.0497,0.0234,0.1797,0.1297,0.1904,0.3244,0.2977,0.0027,0.0096,0.0000,0.0828,0.0000,0.0000),(242,'Pêra, Park, crua',3,0.0018,0.6059,0.0024,0.0023,0.1607,0.0298,0.0871,0.0612,0.0032,0.0007,0.0098,0.0236,0.0000,0.0010),(243,'Pêra, Williams, crua',3,0.0000,0.5331,0.0057,0.0011,0.1402,0.0301,0.0828,0.0578,0.0009,0.0008,0.0000,0.0283,0.0000,0.0000),(244,'Pêssego, Aurora, cru',3,0.0000,0.3633,0.0083,0.0000,0.0932,0.0142,0.0323,0.0444,0.0022,0.0006,0.0000,0.0325,0.0000,0.0000),(245,'Pêssego, enlatado, em calda',3,0.0000,0.6314,0.0071,0.0000,0.1688,0.0102,0.0410,0.0404,0.0060,0.0009,0.0320,0.0000,0.0000,0.0000),(246,'Pinha, crua',3,0.0000,0.8847,0.0149,0.0032,0.2245,0.0336,0.2088,0.3054,0.0021,0.0024,0.0134,0.3590,0.0000,0.0010),(247,'Pitanga, crua',3,0.0000,0.4142,0.0093,0.0017,0.1024,0.0324,0.1788,0.1223,0.0040,0.0035,0.0170,0.2487,0.0000,0.0000),(248,'Pitanga, polpa, congelada',3,0.0000,0.1911,0.0029,0.0012,0.0476,0.0074,0.0780,0.0620,0.0037,0.0009,0.0503,0.0000,0.0000,0.0000),(249,'Romã, crua',3,0.0000,0.5574,0.0040,0.0000,0.1511,0.0044,0.0475,0.1270,0.0026,0.0067,0.0059,0.0812,0.0000,0.0000),(250,'Tamarindo, cru',3,0.0000,2.7570,0.0321,0.0046,0.7253,0.0645,0.3710,0.5911,0.0055,0.0067,0.0036,0.0725,0.0000,0.0010),(251,'Tangerina, Poncã, crua',3,0.0019,0.3783,0.0085,0.0007,0.0961,0.0094,0.1289,0.0773,0.0011,0.0000,0.0000,0.4882,0.0000,0.0000),(252,'Tangerina, Poncã, suco',3,0.0000,0.3611,0.0052,0.0000,0.0880,0.0000,0.0428,0.0646,0.0000,0.0000,0.0000,0.4175,0.0000,0.0000),(253,'Tucumã, cru',3,0.0000,2.6202,0.0209,0.1908,0.2647,0.1265,0.4634,1.2101,0.0057,0.0087,0.0389,0.1799,0.0000,0.0469),(254,'Umbu, cru',3,0.0000,0.3702,0.0084,0.0000,0.0940,0.0198,0.1156,0.1135,0.0009,0.0042,0.0000,0.2406,0.0000,0.0000),(255,'Umbu, polpa, congelada',3,0.0000,0.3394,0.0051,0.0007,0.0879,0.0134,0.1071,0.0812,0.0021,0.0007,0.0577,0.0395,0.0000,0.0000),(256,'Uva, Itália, crua',3,0.0000,0.5287,0.0075,0.0020,0.1357,0.0092,0.0666,0.0498,0.0014,0.0000,0.0000,0.0329,0.0000,0.0000),(257,'Uva, Rubi, crua',3,0.0000,0.4906,0.0061,0.0016,0.1270,0.0093,0.0762,0.0583,0.0017,0.0000,0.0792,0.0186,0.0000,0.0000),(258,'Uva, suco concentrado, envasado',3,0.0070,0.5766,0.0000,0.0000,0.1471,0.0023,0.0932,0.0706,0.0012,0.0005,0.0958,0.2097,0.0000,0.0000),(259,'Azeite, de dendê',4,0.0000,8.8400,0.0000,1.0000,0.0000,0.0000,0.0000,0.0000,0.0000,0.0000,0.0000,0.0000,0.0000,0.4310),(260,'Azeite, de oliva, extra virgem',4,0.0000,8.8400,0.0000,1.0000,0.0000,0.0000,0.0000,0.0000,0.0000,0.0000,0.0000,0.0000,0.0000,0.1490),(261,'Manteiga, com sal',4,0.0399,7.2597,0.0041,0.8236,0.0006,0.0000,0.0942,0.0147,0.0015,0.0000,5.7869,0.0000,9.2355,0.4920),(262,'Manteiga, sem sal',4,0.0399,7.5754,0.0040,0.8604,0.0000,0.0000,0.0361,0.0143,0.0000,0.0000,0.0385,0.0000,10.1309,0.5150),(263,'Margarina, com óleo hidrogenado, com sal (65% de lipídeos)',4,0.0000,5.9612,0.0000,0.6743,0.0000,0.0000,0.0556,0.0113,0.0009,0.0000,8.9404,0.0000,4.6212,0.1490),(264,'Margarina, com óleo hidrogenado, sem sal (80% de lipídeos)',4,0.0080,7.2253,0.0000,0.8173,0.0000,0.0000,0.0260,0.0054,0.0005,0.0000,0.7789,0.0000,5.3438,0.0000),(265,'Margarina, com óleo interesterificado, com sal (65%de lipídeos)',4,0.0000,5.9445,0.0000,0.6725,0.0000,0.0000,0.0454,0.0123,0.0000,0.0000,5.6080,0.0000,3.8539,0.2190),(266,'Margarina, com óleo interesterificado, sem sal (65% de lipídeos)',4,0.0000,5.9314,0.0000,0.6710,0.0000,0.0000,0.0496,0.0115,0.0008,0.0000,0.3319,0.0000,2.4510,0.2090),(267,'Óleo, de babaçu',4,0.0000,8.8400,0.0000,1.0000,0.0000,0.0000,0.0000,0.0000,0.0000,0.0000,0.0000,0.0000,0.0000,0.5090),(268,'Óleo, de canola',4,0.0000,8.8400,0.0000,1.0000,0.0000,0.0000,0.0000,0.0000,0.0000,0.0000,0.0000,0.0000,0.0000,0.0790),(269,'Óleo, de girassol',4,0.0000,8.8400,0.0000,1.0000,0.0000,0.0000,0.0000,0.0000,0.0000,0.0000,0.0000,0.0000,0.0000,0.1080),(270,'Óleo, de milho',4,0.0000,8.8400,0.0000,1.0000,0.0000,0.0000,0.0000,0.0000,0.0000,0.0000,0.0000,0.0000,0.0000,0.1520),(271,'Óleo, de pequi',4,0.0000,8.8400,0.0000,1.0000,0.0000,0.0000,0.0000,0.0000,0.0000,0.0000,0.0000,0.0000,0.0000,0.3990),(272,'Óleo, de soja',4,0.0039,8.8400,0.0000,1.0000,0.0000,0.0000,0.0000,0.0000,0.0000,0.0000,0.0000,0.0000,0.0000,0.1520),(273,'Abadejo, filé, congelado, assado',5,0.0000,1.1162,0.2353,0.0124,0.0000,0.0000,0.2261,0.2025,0.0053,0.0051,3.3439,0.0000,0.0000,0.0057),(274,'Abadejo, filé, congelado,cozido',5,0.0000,0.9110,0.1935,0.0094,0.0000,0.0000,0.1673,0.1574,0.0033,0.0044,1.8934,0.0000,0.0000,0.0038),(275,'Abadejo, filé, congelado, cru',5,0.0000,0.5911,0.1308,0.0036,0.0000,0.0000,0.1017,0.1450,0.0011,0.0039,0.7852,0.0000,0.0000,0.0010),(276,'Abadejo, filé, congelado, grelhado',5,0.0000,1.2964,0.2761,0.0130,0.0000,0.0000,0.2017,0.2211,0.0033,0.0044,3.0509,0.0000,0.0569,0.0055),(277,'Atum, conserva em óleo',5,0.0268,1.6591,0.2619,0.0600,0.0000,0.0000,0.0652,0.2948,0.0123,0.0059,3.6215,0.0000,0.0000,0.0100),(278,'Atum, fresco, cru',5,0.0000,1.1750,0.2568,0.0087,0.0000,0.0000,0.0669,0.3223,0.0127,0.0040,0.3030,0.0000,0.2030,0.0050),(279,'Bacalhau, salgado, cru',5,0.0000,1.3589,0.2904,0.0132,0.0000,0.0000,1.5697,0.4947,0.0085,0.0067,135.8506,0.0000,0.0000,0.0060),(280,'Bacalhau, salgado, refogado',5,0.0000,1.3966,0.2398,0.0361,0.0122,0.0000,0.5912,0.1506,0.0015,0.0056,12.5628,0.0000,0.0000,0.0090),(281,'Cação, posta, com farinha de trigo, frita',5,0.0000,2.0833,0.2495,0.0995,0.0310,0.0054,0.3044,0.2551,0.0100,0.0055,1.6003,0.0000,0.1738,0.0150),(282,'Cação, posta, cozida',5,0.0000,1.1601,0.2559,0.0075,0.0000,0.0000,0.1032,0.2112,0.0032,0.0061,1.1491,0.0000,0.1162,0.0020),(283,'Cação, posta, crua',5,0.0000,0.8333,0.1785,0.0079,0.0000,0.0000,0.0870,0.1930,0.0020,0.0032,1.7602,0.0000,0.0600,0.0010),(284,'Camarão, Rio Grande, grande, cozido',5,0.0000,0.9001,0.1897,0.0100,0.0000,0.0000,0.8974,0.1891,0.0128,0.0124,3.6655,0.0000,0.0000,0.0040),(285,'Camarão, Rio Grande, grande, cru',5,0.0000,0.4718,0.0999,0.0050,0.0000,0.0000,0.5112,0.2737,0.0067,0.0071,2.0113,0.0000,0.2000,0.0010),(286,'Camarão, Sete Barbas, sem cabeça, com casca, frito',5,0.0000,2.3125,0.1839,0.1562,0.0288,0.0000,9.5970,0.7397,0.0244,0.0110,0.9906,0.0000,0.0000,0.0247),(287,'Caranguejo, cozido',5,0.0000,0.8272,0.1848,0.0042,0.0000,0.0000,3.5715,0.5223,0.0286,0.0565,3.6011,0.0000,0.0000,0.0020),(288,'Corimba, cru',5,0.0000,1.2816,0.1737,0.0599,0.0003,0.0000,0.4005,0.2277,0.0050,0.0040,0.4701,0.0000,0.0000,0.0250),(289,'Corimbatá, assado',5,0.0000,2.6145,0.1990,0.1957,0.0000,0.0000,0.2230,0.2421,0.0097,0.0075,0.4043,0.0000,0.0000,0.0480),(290,'Corimbatá, cozido',5,0.0000,2.3870,0.2013,0.1693,0.0000,0.0000,0.6469,0.2283,0.0062,0.0095,0.3717,0.0000,0.0000,0.0445),(291,'Corvina de água doce, crua',5,0.0000,1.0101,0.1892,0.0224,0.0000,0.0000,0.3943,0.2450,0.0026,0.0036,0.4509,0.0000,0.0812,0.0120),(292,'Corvina do mar, crua',5,0.0000,0.9400,0.1857,0.0158,0.0000,0.0000,0.0000,0.2375,0.0038,0.0036,0.6797,0.0000,0.6502,0.0070),(293,'Corvina grande, assada',5,0.0000,1.4653,0.2677,0.0357,0.0000,0.0000,0.6023,0.2410,0.0054,0.0067,0.8535,0.0000,0.0000,0.0150),(294,'Corvina grande, cozida',5,0.0000,1.0008,0.2344,0.0256,0.0000,0.0000,0.6937,0.2222,0.0058,0.0069,0.6839,0.0000,0.0628,0.0075),(295,'Dourada de água doce, fresca',5,0.0000,1.3121,0.1881,0.0564,0.0000,0.0000,0.1213,0.2626,0.0015,0.0048,0.4030,0.0000,0.0000,0.0297),(296,'Lambari, congelado, cru',5,0.0000,1.3084,0.1681,0.0655,0.0000,0.0000,11.8128,0.4469,0.0091,0.0334,0.4792,0.0000,0.0431,0.0200),(297,'Lambari, congelado, frito',5,0.0000,3.2687,0.2843,0.2278,0.0000,0.0000,18.8104,0.6629,0.0081,0.0563,0.6455,0.0000,0.0945,0.0550),(298,'Lambari, fresco, cru',5,0.0000,1.5160,0.1565,0.0940,0.0000,0.0000,5.9027,0.3161,0.0063,0.0242,0.4111,0.0000,0.0000,0.0340),(299,'Manjuba, com farinha de trigo, frita',5,0.0000,3.4355,0.2345,0.2259,0.1024,0.0036,7.6331,0.4690,0.0304,0.0377,0.3652,0.0000,0.2994,0.0546),(300,'Manjuba, frita',5,0.0000,3.4933,0.3014,0.2446,0.0000,0.0000,5.7503,0.3166,0.0092,0.0324,0.4061,0.0000,0.1207,0.0530),(301,'Merluza, filé, assado',5,0.0000,1.2191,0.2660,0.0092,0.0000,0.0000,0.3591,0.2027,0.0037,0.0089,1.1995,0.0000,0.0000,0.0020),(302,'Merluza, filé, cru',5,0.0022,0.8913,0.1661,0.0202,0.0000,0.0000,0.2040,0.2702,0.0019,0.0033,0.7950,0.0000,0.0000,0.0090),(303,'Merluza, filé, frito',5,0.0000,1.9163,0.2693,0.0850,0.0000,0.0000,0.3563,0.3814,0.0038,0.0056,0.8996,0.0000,0.0000,0.0140),(304,'Pescada, branca, crua',5,0.0000,1.1088,0.1626,0.0459,0.0000,0.0000,0.1574,0.1920,0.0016,0.0025,0.7617,0.0000,0.0277,0.0080),(305,'Pescada, branca, frita',5,0.0000,2.2304,0.2736,0.1178,0.0000,0.0000,3.7827,0.3008,0.0051,0.0112,1.0723,0.0000,0.3935,0.0230),(306,'Pescada, filé, com farinha de trigo, frito',5,0.0000,2.8343,0.2144,0.1912,0.0503,0.0000,0.2643,0.2840,0.0094,0.0043,0.9051,0.0000,0.1750,0.0218),(307,'Pescada, filé, cru',5,0.0238,1.0721,0.1665,0.0400,0.0000,0.0000,0.1355,0.2280,0.0017,0.0025,0.7750,0.0000,0.4786,0.0090),(308,'Pescada, filé, frito',5,0.0000,1.5427,0.2859,0.0357,0.0000,0.0000,0.1032,0.2112,0.0032,0.0061,1.1491,0.0000,0.0422,0.0100),(309,'Pescada, filé, molho escabeche',5,0.0000,1.4196,0.1175,0.0802,0.0502,0.0078,0.2012,0.1806,0.0147,0.0029,0.5129,0.0689,0.1919,0.0131),(310,'Pescadinha, crua',5,0.0000,0.7641,0.1548,0.0114,0.0000,0.0000,3.3160,0.3378,0.0055,0.0055,1.2034,0.0000,0.0000,0.0030),(311,'Pintado, assado',5,0.0000,1.9156,0.3645,0.0398,0.0000,0.0000,1.1354,0.4236,0.0078,0.0210,0.8095,0.0000,0.0657,0.0180),(312,'Pintado, cru',5,0.0000,0.9108,0.1856,0.0131,0.0000,0.0000,0.1200,0.2370,0.0022,0.0039,0.4334,0.0000,0.0000,0.0060),(313,'Pintado, grelhado',5,0.0000,1.5219,0.3080,0.0229,0.0000,0.0000,0.6898,0.2674,0.0048,0.0076,0.5309,0.0000,0.0513,0.0110),(314,'Porquinho, cru',5,0.0000,0.9302,0.2049,0.0061,0.0000,0.0000,0.2588,0.2435,0.0039,0.0066,0.6673,0.0000,0.0465,0.0040),(315,'Salmão, filé, com pele, fresco,  grelhado',5,0.0000,2.2873,0.2392,0.1404,0.0000,0.0000,0.2876,0.2779,0.0054,0.0056,0.8514,0.0000,0.0000,0.0314),(316,'Salmão, sem pele, fresco, cru',5,0.0000,1.6978,0.1925,0.0971,0.0000,0.0000,0.0875,0.2742,0.0024,0.0034,0.6424,0.0000,0.0000,0.0247),(317,'Salmão, sem pele, fresco, grelhado',5,0.0000,2.4271,0.2614,0.1453,0.0000,0.0000,0.1509,0.3786,0.0037,0.0050,0.9581,0.0000,0.0000,0.0358),(318,'Sardinha, assada',5,0.0000,1.6435,0.3218,0.0299,0.0000,0.0000,4.3773,0.5136,0.0125,0.0182,0.7447,0.0000,0.0000,0.0170),(319,'Sardinha, conserva em óleo',5,0.0255,2.8498,0.1594,0.2405,0.0000,0.0000,5.5024,0.3527,0.0354,0.0164,6.6584,0.0000,0.0000,0.0410),(320,'Sardinha, frita',5,0.0000,2.5704,0.3338,0.1269,0.0000,0.0000,4.8207,0.3883,0.0112,0.0164,0.6010,0.0000,0.0000,0.0260),(321,'Sardinha, inteira, crua',5,0.0000,1.1390,0.2108,0.0265,0.0000,0.0000,1.6733,0.2853,0.0134,0.0129,0.6039,0.0000,0.0000,0.0170),(322,'Tucunaré, filé, congelado, cru',5,0.0000,0.8769,0.1796,0.0122,-0.0005,0.0000,0.1922,0.2564,0.0027,0.0044,0.5655,0.0000,0.0000,0.0060),(323,'Apresuntado',6,0.0000,1.2886,0.1345,0.0669,0.0286,0.0000,0.2258,0.1526,0.0088,0.0165,9.4293,0.0000,0.0000,0.0193),(324,'Caldo de carne, tablete',6,0.0000,2.4062,0.0782,0.1657,0.1505,0.0058,1.2903,0.2206,0.0000,0.0000,221.7967,0.0000,0.0000,0.0780),(325,'Caldo de galinha, tablete',6,0.0000,2.5145,0.0628,0.2042,0.1065,0.1181,0.1636,0.1279,0.0069,0.0026,222.9990,0.0000,0.0000,0.0940),(326,'Carne, bovina, acém, moído, cozido',6,0.0000,2.1242,0.2669,0.1092,0.0000,0.0000,0.0403,0.1707,0.0265,0.0810,0.5236,0.0000,0.0000,0.0480),(327,'Carne, bovina, acém, moído, cru',6,0.0138,1.3656,0.1942,0.0595,0.0000,0.0000,0.0261,0.1414,0.0176,0.0633,0.4861,0.0000,0.0232,0.0270),(328,'Carne, bovina, acém, sem gordura, cozido',6,0.0000,2.1461,0.2727,0.1088,0.0000,0.0000,0.0711,0.1444,0.0237,0.0797,0.5617,0.0000,0.0000,0.0550),(329,'Carne, bovina, acém, sem gordura, cru',6,0.0138,1.4403,0.2082,0.0611,0.0000,0.0000,0.0472,0.1328,0.0151,0.0521,0.4985,0.0000,0.0217,0.0280),(330,'Carne, bovina, almôndegas, cruas',6,0.0000,1.8926,0.1231,0.1120,0.0979,0.0000,0.2223,0.2375,0.0156,0.0233,6.2125,0.0000,0.0000,0.0390),(331,'Carne, bovina, almôndegas, fritas',6,0.0000,2.7181,0.1816,0.1578,0.1429,0.0000,0.2676,0.4812,0.0191,0.0261,10.3026,0.0000,0.0000,0.0420),(332,'Carne, bovina, bucho, cozido',6,0.0000,1.3302,0.2164,0.0450,0.0000,0.0000,0.1321,0.0741,0.0058,0.0249,0.3820,0.0000,0.0000,0.0240),(333,'Carne, bovina, bucho, cru',6,0.0000,1.3730,0.2053,0.0550,0.0000,0.0000,0.0907,0.0640,0.0047,0.0213,0.4500,0.0000,0.0000,0.0330),(334,'Carne, bovina, capa de contra-filé, com gordura, crua',6,0.0000,2.1691,0.1920,0.1496,0.0000,0.0000,0.0586,0.1745,0.0151,0.0354,0.5754,0.0000,0.0376,0.0690),(335,'Carne, bovina, capa de contra-filé, com gordura, grelhada',6,0.0000,3.1170,0.3069,0.2003,0.0000,0.0000,0.0726,0.1838,0.0259,0.0620,0.8051,0.0000,0.0000,0.0880),(336,'Carne, bovina, capa de contra-filé, sem gordura, crua',6,0.0000,1.3106,0.2154,0.0433,0.0000,0.0000,0.0650,0.1959,0.0204,0.0459,0.7917,0.0000,0.0000,0.0190),(337,'Carne, bovina, capa de contra-filé, sem gordura, grelhada',6,0.0000,2.3944,0.3506,0.0995,0.0001,0.0000,0.0884,0.2561,0.0284,0.0764,0.8275,0.0000,0.0000,0.0430),(338,'Carne, bovina, charque, cozido',6,0.0000,2.6278,0.3636,0.1192,0.0000,0.0000,0.1485,0.1281,0.0345,0.0609,14.4270,0.0000,0.0000,0.0480),(339,'Carne, bovina, charque, cru',6,0.0000,2.4886,0.2271,0.1684,0.0000,0.0000,0.1518,0.1336,0.0153,0.0389,58.7503,0.0000,0.0000,0.0870),(340,'Carne, bovina, contra-filé, à milanesa',6,0.0000,3.5159,0.2061,0.2400,0.1217,0.0037,0.1467,0.2704,0.0290,0.0286,0.7709,0.0000,0.1508,0.0724),(341,'Carne, bovina, contra-filé de costela, cru',6,0.0000,2.0244,0.1980,0.1307,0.0000,0.0000,0.0316,0.1400,0.0156,0.0435,0.3852,0.0000,0.0305,0.0670),(342,'Carne, bovina, contra-filé de costela, grelhado',6,0.0000,2.7491,0.2988,0.1633,0.0000,0.0000,0.0429,0.2357,0.0279,0.0668,0.5088,0.0000,0.0000,0.0880),(343,'Carne, bovina, contra-filé, com gordura, cru',6,0.0000,2.0586,0.2115,0.1281,0.0000,0.0000,0.0367,0.1816,0.0131,0.0279,0.4413,0.0000,0.0359,0.0560),(344,'Carne, bovina, contra-filé, com gordura, grelhado',6,0.0000,2.7805,0.3240,0.1549,0.0000,0.0000,0.0446,0.1866,0.0235,0.0478,0.5707,0.0000,0.0000,0.0740),(345,'Carne, bovina, contra-filé, sem gordura, cru',6,0.0000,1.5662,0.2400,0.0600,0.0000,0.0000,0.0420,0.2063,0.0168,0.0324,0.5289,0.0000,0.0000,0.0270),(346,'Carne, bovina, contra-filé, sem gordura, grelhado',6,0.0000,1.9369,0.3588,0.0449,0.0000,0.0000,0.0500,0.2106,0.0235,0.0514,0.5751,0.0000,0.0000,0.0203),(347,'Carne, bovina, costela, assada',6,0.0000,3.7304,0.2881,0.2772,0.0000,0.0000,0.2801,0.1955,0.0218,0.0545,0.9186,0.0000,0.0000,0.1180),(348,'Carne, bovina, costela, crua',6,0.0000,3.5772,0.1671,0.3175,0.0000,0.0000,0.0000,0.1168,0.0120,0.0270,0.7000,0.0000,0.0457,0.1490),(349,'Carne, bovina, coxão duro, sem gordura, cozido',6,0.0000,2.1662,0.3188,0.0892,0.0000,0.0000,0.0398,0.1379,0.0170,0.0497,0.4110,0.0000,0.0206,0.0350),(350,'Carne, bovina, coxão duro, sem gordura, cru',6,0.0000,1.4797,0.2151,0.0622,0.0000,0.0000,0.0295,0.2111,0.0189,0.0281,0.4855,0.0000,0.0207,0.0286),(351,'Carne, bovina, coxão mole, sem gordura, cozido',6,0.0000,2.1868,0.3238,0.0891,0.0000,0.0000,0.0373,0.1347,0.0256,0.0470,0.4350,0.0000,0.0247,0.0430),(352,'Carne, bovina, coxão mole, sem gordura, cru',6,0.0000,1.6907,0.2123,0.0869,0.0000,0.0000,0.0299,0.2072,0.0189,0.0263,0.6053,0.0000,0.0261,0.0390),(353,'Carne, bovina, cupim, assado',6,0.0000,3.3010,0.2863,0.2304,0.0000,0.0000,0.0762,0.1821,0.0270,0.0529,0.7159,0.0000,0.0000,0.0550),(354,'Carne, bovina, cupim, cru',6,0.0000,2.2140,0.1954,0.1530,0.0000,0.0000,0.0357,0.1276,0.0113,0.0242,0.4686,0.0000,0.0270,0.0680),(355,'Carne, bovina, fígado, cru',6,0.0000,1.4105,0.2071,0.0536,0.0111,0.0000,0.0416,0.1242,0.0563,0.0346,0.7592,0.0000,79.3670,0.0279),(356,'Carne, bovina, fígado, grelhado',6,0.0000,2.2503,0.2986,0.0901,0.0420,0.0000,0.0556,0.0970,0.0579,0.0395,0.8219,0.0000,145.7400,0.0470),(357,'Carne, bovina, filé mingnon, sem gordura, cru',6,0.0000,1.4286,0.2160,0.0561,0.0000,0.0000,0.0293,0.2139,0.0192,0.0275,0.4886,0.0000,0.0363,0.0290),(358,'Carne, bovina, filé mingnon, sem gordura, grelhado',6,0.0000,2.1970,0.3280,0.0883,0.0000,0.0000,0.0431,0.2826,0.0287,0.0413,0.5791,0.0000,0.0000,0.0450),(359,'Carne, bovina, flanco, sem gordura, cozido',6,0.0000,1.9558,0.2938,0.0777,0.0000,0.0000,0.0353,0.1361,0.0277,0.0555,0.4168,0.0000,0.0176,0.0390),(360,'Carne, bovina, flanco, sem gordura, cru',6,0.0000,1.4146,0.2000,0.0622,0.0000,0.0000,0.0281,0.1785,0.0158,0.0445,0.5422,0.0000,0.0202,0.0310),(361,'Carne, bovina, fraldinha, com gordura, cozida',6,0.0000,3.3845,0.2424,0.2605,0.0000,0.0000,0.0321,0.1448,0.0203,0.0650,0.3878,0.0000,0.0000,0.1210),(362,'Carne, bovina, fraldinha, com gordura, crua',6,0.0000,2.2072,0.1758,0.1615,0.0000,0.0000,0.0311,0.1612,0.0154,0.0419,0.5120,0.0000,0.0464,0.0730),(363,'Carne, bovina, lagarto, cozido',6,0.0000,2.2247,0.3286,0.0911,0.0000,0.0000,0.0353,0.1296,0.0185,0.0696,0.4754,0.0000,0.0290,0.0390),(364,'Carne, bovina, lagarto, cru',6,0.0000,1.3486,0.2054,0.0523,0.0000,0.0000,0.0259,0.1967,0.0132,0.0239,0.5356,0.0000,0.0199,0.0230),(365,'Carne, bovina, língua, cozida',6,0.0000,3.1490,0.2137,0.2480,0.0000,0.0000,0.0593,0.1154,0.0207,0.0409,0.5906,0.0000,0.0000,0.1120),(366,'Carne, bovina, língua, crua',6,0.0000,2.1525,0.1709,0.1577,0.0000,0.0000,0.0504,0.1530,0.0170,0.0287,0.7305,0.0000,0.0000,0.0680),(367,'Carne, bovina, maminha, crua',6,0.0000,1.5277,0.2093,0.0703,0.0000,0.0000,0.0283,0.1566,0.0115,0.0348,0.3742,0.0000,0.0318,0.0310),(368,'Carne, bovina, maminha, grelhada',6,0.0000,1.5309,0.3074,0.0242,0.0000,0.0000,0.0417,0.2089,0.0243,0.0558,0.5812,0.0000,0.0000,0.0970),(369,'Carne, bovina, miolo de alcatra, sem gordura, cru',6,0.0000,1.6287,0.2161,0.0783,0.0000,0.0000,0.0319,0.2002,0.0197,0.0296,0.4305,0.0000,0.0352,0.0340),(370,'Carne, bovina, miolo de alcatra, sem gordura, grelhado',6,0.0000,2.4136,0.3193,0.1164,0.0000,0.0000,0.0451,0.2597,0.0317,0.0482,0.5162,0.0000,0.0000,0.0510),(371,'Carne, bovina, músculo, sem gordura, cozido',6,0.0000,1.9380,0.3123,0.0670,0.0000,0.0000,0.0498,0.1342,0.0236,0.0644,0.6179,0.0000,0.0191,0.0290),(372,'Carne, bovina, músculo, sem gordura, cru',6,0.0138,1.4158,0.2156,0.0549,0.0000,0.0000,0.0364,0.1745,0.0186,0.0365,0.6608,0.0000,0.0191,0.0220),(373,'Carne, bovina, paleta, com gordura, crua',6,0.0000,1.5871,0.2141,0.0746,0.0000,0.0000,0.0436,0.1415,0.0176,0.0365,0.6490,0.0000,0.0000,0.0350),(374,'Carne, bovina, paleta, sem gordura, cozida',6,0.0000,1.9365,0.2972,0.0740,0.0000,0.0000,0.0564,0.1766,0.0217,0.0682,0.5762,0.0000,0.0000,0.0340),(375,'Carne, bovina, paleta, sem gordura, crua',6,0.0000,1.4094,0.2103,0.0567,0.0000,0.0000,0.0362,0.1751,0.0193,0.0334,0.6586,0.0000,0.0327,0.0270),(376,'Carne, bovina, patinho, sem gordura, cru',6,0.0000,1.3347,0.2172,0.0451,0.0000,0.0000,0.0330,0.2010,0.0178,0.0447,0.4913,0.0000,0.0151,0.0200),(377,'Carne, bovina, patinho, sem gordura, grelhado',6,0.0000,2.1926,0.3590,0.0731,0.0000,0.0000,0.0480,0.2726,0.0303,0.0809,0.6029,0.0000,0.0000,0.0310),(378,'Carne, bovina, peito, sem gordura, cozido',6,0.0000,3.3847,0.2225,0.2699,0.0000,0.0000,0.0403,0.1387,0.0160,0.0389,0.5571,0.0000,0.0000,0.1170),(379,'Carne, bovina, peito, sem gordura, cru',6,0.0000,2.5928,0.1756,0.2043,0.0000,0.0000,0.0394,0.1532,0.0131,0.0263,0.6376,0.0000,0.0425,0.0820),(380,'Carne, bovina, picanha, com gordura, crua',6,0.0000,2.1288,0.1882,0.1469,0.0000,0.0000,0.0242,0.1422,0.0171,0.0377,0.3762,0.0000,0.0346,0.0610),(381,'Carne, bovina, picanha, com gordura, grelhada',6,0.0000,2.8877,0.2642,0.1951,0.0000,0.0000,0.0400,0.2400,0.0320,0.0550,0.6000,0.0000,0.0000,0.0790),(382,'Carne, bovina, picanha, sem gordura, crua',6,0.0000,1.3352,0.2125,0.0474,0.0000,0.0000,0.0339,0.2025,0.0213,0.0423,0.6115,0.0000,0.0000,0.0200),(383,'Carne, bovina, picanha, sem gordura, grelhada',6,0.0000,2.3847,0.3191,0.1133,0.0000,0.0000,0.0443,0.2542,0.0355,0.0670,0.6066,0.0000,0.0000,0.0450),(384,'Carne, bovina, seca, cozida',6,0.0000,3.1280,0.2693,0.2193,0.0000,0.0000,0.1276,0.1190,0.0188,0.0770,19.4318,0.0000,0.0000,0.1050),(385,'Carne, bovina, seca, crua',6,0.0000,3.1275,0.1966,0.2537,0.0000,0.0000,0.1411,0.1222,0.0133,0.0365,44.3955,0.0000,0.0000,0.0870),(386,'Coxinha de frango, frita',6,0.0000,2.8305,0.0961,0.1184,0.3452,0.0497,0.1833,0.1678,0.0126,0.0051,5.3213,0.0000,0.0000,0.0260),(387,'Croquete, de carne, cru',6,0.0000,2.4577,0.1204,0.1556,0.1395,0.0000,0.1550,0.2364,0.0251,0.0267,7.1064,0.0000,0.0000,0.0000),(388,'Croquete, de carne, frito',6,0.0000,3.4674,0.1686,0.2267,0.1815,0.0000,0.1809,0.2952,0.0231,0.0330,9.1641,0.0000,0.0000,0.0508),(389,'Empada de frango, pré-cozida, assada',6,0.0000,3.5819,0.0694,0.1561,0.4749,0.0216,0.1561,0.1830,0.0119,0.0064,5.2493,0.0000,0.0000,0.0000),(390,'Empada, de frango, pré-cozida',6,0.0000,3.7748,0.0734,0.2289,0.3553,0.0222,0.1356,0.1733,0.0075,0.0050,7.7073,0.0540,0.0000,0.0540),(391,'Frango, asa, com pele, crua',6,0.0000,2.1319,0.1810,0.1507,0.0000,0.0000,0.1092,0.2322,0.0057,0.0125,0.9630,0.0000,0.1037,0.0440),(392,'Frango, caipira, inteiro, com pele, cozido',6,0.0000,2.4289,0.2388,0.1562,0.0000,0.0000,0.1676,0.1835,0.0166,0.0170,0.5609,0.0000,0.1616,0.0440),(393,'Frango, caipira, inteiro, sem pele, cozido',6,0.0000,1.9576,0.2958,0.0770,0.0000,0.0000,0.6614,0.2317,0.0212,0.0266,0.5324,0.0000,0.0605,0.0220),(394,'Frango, coração, cru',6,0.0000,2.2150,0.1258,0.1860,0.0000,0.0000,0.0551,0.1983,0.0409,0.0201,0.9506,0.0000,0.0939,0.0490),(395,'Frango, coração, grelhado',6,0.0000,2.0727,0.2244,0.1210,0.0061,0.0000,0.0835,0.2012,0.0653,0.0345,1.2824,0.0000,0.0000,0.0350),(396,'Frango, coxa, com pele, assada',6,0.0000,2.1512,0.2849,0.1036,0.0006,0.0000,0.0834,0.1393,0.0122,0.0255,0.9484,0.0000,0.0597,0.0310),(397,'Frango, coxa, com pele, crua',6,0.0000,1.6147,0.1709,0.0981,0.0000,0.0000,0.0800,0.2581,0.0070,0.0197,0.9496,0.0000,0.1002,0.0300),(398,'Frango, coxa, sem pele, cozida',6,0.0000,1.6743,0.2686,0.0585,0.0000,0.0000,0.1178,0.1114,0.0083,0.0283,0.6434,0.0000,0.0000,0.0200),(399,'Frango, coxa, sem pele, crua',6,0.0076,1.1995,0.1781,0.0486,0.0002,0.0000,0.0797,0.2723,0.0078,0.0224,0.9837,0.0000,0.1166,0.0160),(400,'Frango, fígado, cru',6,0.0000,1.0648,0.1759,0.0349,0.0002,0.0000,0.0561,0.2783,0.0954,0.0373,0.8243,0.0000,38.6333,0.0130),(401,'Frango, filé, à milanesa',6,0.0000,2.2087,0.2846,0.0779,0.0751,0.0113,0.0891,0.3483,0.0108,0.0084,1.2233,0.0000,0.0661,0.0160),(402,'Frango, inteiro, com pele, cru',6,0.0000,2.2632,0.1644,0.1731,0.0000,0.0000,0.0630,0.2430,0.0062,0.0112,0.6288,0.0000,0.0700,0.0520),(403,'Frango, inteiro, sem pele, assado',6,0.0000,1.8734,0.2803,0.0750,0.0000,0.0000,0.0906,0.1388,0.0055,0.0158,0.7027,0.0000,0.0000,0.0210),(404,'Frango, inteiro, sem pele, cozido',6,0.0000,1.7039,0.2499,0.0706,0.0000,0.0000,0.0818,0.1235,0.0046,0.0124,0.5089,0.0000,0.0000,0.0220),(405,'Frango, inteiro, sem pele, cru',6,0.0000,1.2910,0.2059,0.0457,0.0000,0.0000,0.0652,0.2704,0.0054,0.0124,0.7296,0.0000,0.0367,0.0140),(406,'Frango, peito, com pele, assado',6,0.0000,2.1168,0.3342,0.0765,0.0000,0.0000,0.0826,0.1814,0.0048,0.0095,0.5570,0.0000,0.0623,0.0220),(407,'Frango, peito, com pele, cru',6,0.0000,1.4947,0.2078,0.0673,0.0000,0.0000,0.0842,0.2829,0.0044,0.0060,0.6231,0.0000,0.0400,0.0220),(408,'Frango, peito, sem pele, cozido',6,0.0000,1.6287,0.3147,0.0316,0.0000,0.0000,0.0644,0.1376,0.0034,0.0095,0.3617,0.0000,0.0000,0.0110),(409,'Frango, peito, sem pele, cru',6,0.0093,1.1916,0.2153,0.0302,0.0000,0.0000,0.0736,0.3126,0.0043,0.0066,0.5614,0.0000,0.0200,0.0110),(410,'Frango, peito, sem pele, grelhado',6,0.0000,1.5919,0.3203,0.0248,0.0000,0.0000,0.0534,0.1827,0.0033,0.0078,0.5025,0.0000,0.0000,0.0090),(411,'Frango, sobrecoxa, com pele, assada',6,0.0000,2.5960,0.2870,0.1519,0.0000,0.0000,0.1068,0.1460,0.0121,0.0217,0.9594,0.0000,0.0822,0.0420),(412,'Frango, sobrecoxa, com pele, crua',6,0.0000,2.5453,0.1546,0.2090,0.0000,0.0000,0.0709,0.2150,0.0071,0.0131,0.6827,0.0000,0.0659,0.0650),(413,'Frango, sobrecoxa, sem pele, assada',6,0.0000,2.3288,0.2918,0.1201,0.0000,0.0000,0.1225,0.1723,0.0117,0.0218,1.0608,0.0000,0.1070,0.0330),(414,'Frango, sobrecoxa, sem pele, crua',6,0.0000,1.6180,0.1757,0.0962,0.0000,0.0000,0.0629,0.2633,0.0090,0.0167,0.7975,0.0000,0.0392,0.0300),(415,'Hambúrguer, bovino, cru',6,0.0150,2.1484,0.1316,0.1618,0.0415,0.0000,0.3406,0.2452,0.0189,0.0170,8.6946,0.0000,0.0000,0.0570),(416,'Hambúrguer, bovino, frito',6,0.0000,2.5828,0.1997,0.1701,0.0632,0.0000,0.6239,0.5970,0.0302,0.0318,12.5180,0.0000,0.0000,0.0590),(417,'Hambúrguer, bovino, grelhado',6,0.0000,2.0983,0.1316,0.1243,0.1133,0.0000,0.5621,0.4757,0.0264,0.0302,10.9033,0.0000,0.0000,0.0510),(418,'Lingüiça, frango, crua',6,0.0000,2.1811,0.1424,0.1744,0.0000,0.0000,0.1084,0.1897,0.0047,0.0069,11.2581,0.0000,0.0000,0.0520),(419,'Lingüiça, frango, frita',6,0.0000,2.4546,0.1832,0.1854,0.0000,0.0000,0.1548,0.2919,0.0079,0.0116,13.7389,0.0000,0.0000,0.0500),(420,'Lingüiça, frango, grelhada',6,0.0000,2.4366,0.1819,0.1840,0.0000,0.0000,0.1393,0.2110,0.0072,0.0103,13.5149,0.0000,0.0000,0.0470),(421,'Lingüiça, porco, crua',6,0.0152,2.2720,0.1606,0.1758,0.0000,0.0000,0.0613,0.1405,0.0044,0.0136,11.7572,0.0000,0.0000,0.0400),(422,'Lingüiça, porco, frita',6,0.0000,2.7954,0.2045,0.2131,0.0000,0.0000,0.0848,0.1822,0.0087,0.0308,14.3159,0.0000,0.0000,0.0650),(423,'Lingüiça, porco, grelhada',6,0.0000,2.9649,0.2317,0.2190,0.0000,0.0000,0.0814,0.1879,0.0101,0.0348,14.5586,0.0000,0.0000,0.0700),(424,'Mortadela',6,0.0000,2.6882,0.1195,0.2165,0.0582,0.0000,0.6655,0.1914,0.0147,0.0102,12.1217,0.0000,0.2455,0.0612),(425,'Peru, congelado, assado',6,0.0000,1.6307,0.2620,0.0568,0.0000,0.0000,0.1384,0.1154,0.0059,0.0121,6.2788,0.0000,0.0000,0.0160),(426,'Peru, congelado, cru',6,0.0000,0.9372,0.1808,0.0183,0.0000,0.0000,0.0988,0.1884,0.0087,0.0144,7.1068,0.0000,0.0000,0.0040),(427,'Porco, bisteca, crua',6,0.0000,1.6412,0.2150,0.0802,0.0000,0.0000,0.0611,0.2407,0.0053,0.0143,0.5429,0.0000,0.0000,0.0350),(428,'Porco, bisteca, frita',6,0.0000,3.1117,0.3375,0.1852,0.0000,0.0000,0.6915,0.2913,0.0082,0.0216,0.6303,0.0000,0.0974,0.0597),(429,'Porco, bisteca, grelhada',6,0.0000,2.8008,0.2889,0.1738,0.0000,0.0000,0.3431,0.2474,0.0086,0.0235,0.5144,0.0000,0.0000,0.0750),(430,'Porco, costela, assada',6,0.0000,4.0217,0.3022,0.3028,0.0000,0.0000,0.1677,0.1404,0.0104,0.0310,0.6268,0.0000,0.0000,0.1180),(431,'Porco, costela, crua',6,0.0000,2.5561,0.1800,0.1982,0.0000,0.0000,0.1453,0.1797,0.0090,0.0227,0.8798,0.0000,0.0000,0.0740),(432,'Porco, lombo, assado',6,0.0000,2.1023,0.3573,0.0640,0.0000,0.0000,0.1951,0.1814,0.0046,0.0176,0.3892,0.0000,0.0000,0.0260),(433,'Porco, lombo, cru',6,0.0115,1.7563,0.2260,0.0877,0.0000,0.0000,0.0416,0.2392,0.0047,0.0093,0.5307,0.0000,0.0000,0.0330),(434,'Porco, orelha, salgada, crua',6,0.0000,2.5849,0.1852,0.1989,0.0000,0.0000,0.0544,0.0207,0.0141,0.0057,6.1560,0.0000,0.0000,0.0730),(435,'Porco, pernil, assado',6,0.0000,2.6226,0.3213,0.1386,0.0000,0.0000,0.1759,0.2735,0.0125,0.0325,0.6241,0.0000,0.0000,0.0480),(436,'Porco, pernil, cru',6,0.0125,1.8606,0.2013,0.1110,0.0000,0.0000,0.1294,0.2288,0.0089,0.0173,1.0189,0.0000,0.0000,0.0420),(437,'Porco, rabo, salgado, cru',6,0.0000,3.7742,0.1558,0.3447,0.0000,0.0000,0.2163,0.0360,0.0062,0.0141,11.5767,0.0000,0.0000,0.1160),(438,'Presunto, com capa de gordura',6,0.0000,1.2785,0.1437,0.0677,0.0140,0.0000,0.1248,0.1704,0.0068,0.0132,10.2077,0.0000,0.0000,0.0195),(439,'Presunto, sem capa de gordura',6,0.0000,0.9374,0.1429,0.0271,0.0215,0.0000,0.2327,0.1751,0.0083,0.0146,10.3918,0.0000,0.0000,0.0086),(440,'Quibe, assado',6,0.0000,1.3623,0.1459,0.0268,0.1286,0.0190,0.1562,0.3608,0.0215,0.0412,0.3989,0.0000,0.0000,0.0123),(441,'Quibe, cru',6,0.0000,1.0949,0.1235,0.0167,0.1077,0.0165,0.1209,0.2569,0.0165,0.0275,0.3877,0.0000,0.0000,0.0065),(442,'Quibe, frito',6,0.0000,2.5383,0.1489,0.1580,0.1234,0.0000,0.2173,0.3877,0.0195,0.0278,8.3582,0.0000,0.0000,0.0458),(443,'Salame',6,0.0000,3.9784,0.2581,0.3064,0.0291,0.0000,0.8702,0.2992,0.0125,0.0315,15.7417,0.0000,0.0000,0.0957),(444,'Toucinho, cru',6,0.0000,5.9253,0.1148,0.6026,0.0000,0.0000,0.0239,0.0357,0.0044,0.0021,0.4959,0.0000,0.0000,0.1770),(445,'Toucinho, frito',6,0.0000,6.9656,0.2728,0.6431,0.0000,0.0000,0.0944,0.0946,0.0087,0.0084,1.2485,0.0000,0.0000,0.2000),(446,'Bebida láctea, pêssego',7,0.0000,0.5516,0.0213,0.0191,0.0757,0.0029,0.8863,0.0859,0.0000,0.0024,0.4626,0.0205,0.0000,0.0110),(447,'Creme de Leite',7,0.0000,2.2148,0.0151,0.2248,0.0451,0.0000,0.8273,0.0754,0.0030,0.0029,0.5172,0.0000,1.2767,0.1182),(448,'Iogurte, natural',7,0.0000,0.5149,0.0406,0.0304,0.0192,0.0000,1.4310,0.1125,0.0000,0.0044,0.5162,0.0093,0.2250,0.0180),(449,'Iogurte, natural, desnatado',7,0.0000,0.4149,0.0383,0.0032,0.0577,0.0000,1.5696,0.1198,0.0000,0.0051,0.5964,0.0035,0.0000,0.0020),(450,'Iogurte, sabor abacaxi',7,0.0050,0.9869,0.0346,0.0347,0.1462,0.0213,1.2093,0.1152,0.0009,0.0044,0.0000,0.0000,0.0000,0.0000),(451,'Iogurte, sabor morango',7,0.0050,0.9869,0.0346,0.0347,0.1462,0.0213,1.2093,0.1152,0.0009,0.0044,0.3766,0.0000,0.2703,0.0140),(452,'Iogurte, sabor pêssego',7,0.0050,0.9869,0.0346,0.0347,0.1462,0.0213,1.2093,0.1152,0.0009,0.0044,0.3696,0.0000,0.2128,0.0140),(453,'Leite, condensado',7,0.0000,3.1257,0.0767,0.0674,0.5700,0.0000,2.4627,0.2198,0.0013,0.0086,0.9380,0.0214,0.5295,0.0420),(454,'Leite, de cabra',7,0.0000,0.6642,0.0307,0.0375,0.0525,0.0000,1.1225,0.0980,0.0010,0.0035,0.7395,0.0000,0.3474,0.0240),(455,'Leite, de vaca, achocolatado',7,0.0000,0.8282,0.0210,0.0217,0.1416,0.0065,0.6979,0.1288,0.0046,0.0031,0.7174,0.0326,0.3894,0.0110),(456,'Leite, de vaca, desnatado, pó',7,0.0000,3.6161,0.3469,0.0093,0.5304,0.0000,13.6317,1.0871,0.0093,0.0384,4.3167,0.0000,2.9946,0.0060),(457,'Leite, de vaca, desnatado, UHT',7,0.0000,0.0000,0.0000,0.0000,0.0000,0.0000,1.3381,0.1023,0.0000,0.0038,0.5114,0.0000,0.0000,0.0000),(458,'Leite, de vaca, integral',7,0.0024,0.0000,0.0000,0.0000,0.0000,0.0000,1.2258,0.0964,0.0003,0.0038,0.6376,0.0000,0.2090,0.0140),(459,'Leite, de vaca, integral, pó',7,0.0199,4.9665,0.2542,0.2690,0.3918,0.0000,8.9027,0.7743,0.0052,0.0273,3.2320,0.0000,3.6106,0.1630),(460,'Leite, fermentado',7,0.0000,0.6962,0.0189,0.0010,0.1567,0.0000,0.7153,0.0623,0.0000,0.0026,0.3343,0.0049,0.0000,0.0000),(461,'Queijo, minas, frescal',7,0.0000,2.6427,0.1741,0.2018,0.0324,0.0000,5.7925,0.0688,0.0093,0.0029,0.3123,0.0000,1.6051,0.1140),(462,'Queijo, minas, meia cura',7,0.0211,3.2072,0.2121,0.2461,0.0357,0.0000,6.9592,0.2707,0.0022,0.0268,5.0117,0.0000,1.1133,0.1323),(463,'Queijo, mozarela',7,0.0169,3.2987,0.2265,0.2518,0.0305,0.0000,8.7504,0.2357,0.0031,0.0352,5.8136,0.0000,1.0900,0.1423),(464,'Queijo, parmesão',7,0.0000,4.5296,0.3555,0.3353,0.0166,0.0000,9.9197,0.3337,0.0053,0.0436,18.4408,0.0000,0.6615,0.1970),(465,'Queijo, pasteurizado',7,0.0000,3.0308,0.0936,0.2744,0.0568,0.0000,3.2330,0.1600,0.0027,0.0130,7.8043,0.0000,0.5731,0.1590),(466,'Queijo, petit suisse, morango',7,0.0000,1.2111,0.0579,0.0284,0.1846,0.0000,7.3093,0.2651,0.0014,0.0266,4.1247,0.0000,2.7266,0.0160),(467,'Queijo, prato',7,0.0000,3.5988,0.2266,0.2911,0.0188,0.0000,9.3999,0.2827,0.0028,0.0346,5.7977,0.0000,1.2267,0.1629),(468,'Queijo, requeijão, cremoso',7,0.0250,2.5658,0.0963,0.2344,0.0243,0.0000,2.5947,0.1163,0.0012,0.0128,5.5792,0.0000,1.9459,0.1370),(469,'Queijo, ricota',7,0.0000,1.3973,0.1260,0.0811,0.0379,0.0000,2.5324,0.1181,0.0014,0.0046,2.8258,0.0000,0.5285,0.0450),(470,'Bebida isotônica, sabores variados',8,0.0000,0.2561,0.0000,0.0000,0.0640,0.0000,0.0123,0.0000,0.0067,0.0000,0.4408,0.0000,0.0000,0.0000),(471,'Café, infusão 10%',8,0.0000,0.0907,0.0071,0.0007,0.0148,0.0000,0.0316,0.0966,0.0000,0.0000,0.0103,0.0000,0.0000,0.0000),(472,'Cana, aguardente 1',8,0.0000,2.1566,0.0000,0.0000,0.0000,0.0000,0.0000,0.0000,0.0000,0.0000,0.0315,0.0000,0.0000,0.0000),(473,'Cana, caldo de',8,0.0000,0.6534,0.0000,0.0000,0.1815,0.0014,0.0908,0.1197,0.0075,0.0005,0.0000,0.0278,0.0000,0.0000),(474,'Cerveja, pilsen 2',8,0.0000,0.4072,0.0056,0.0000,0.0332,0.0000,0.0499,0.0674,0.0000,0.0000,0.0423,0.0000,0.0000,0.0000),(475,'Chá, erva-doce, infusão 5%',8,0.0000,0.0140,0.0000,0.0000,0.0039,0.0000,0.0193,0.0088,0.0000,0.0000,0.0063,0.0000,0.0000,0.0000),(476,'Chá, mate, infusão 5%',8,0.0000,0.0273,0.0000,0.0005,0.0064,0.0000,0.0064,0.0204,0.0000,0.0000,0.0000,0.0000,0.0000,0.0000),(477,'Chá, preto, infusão 5%',8,0.0000,0.0225,0.0000,0.0000,0.0063,0.0000,0.0025,0.0096,0.0000,0.0000,0.0000,0.0000,0.0000,0.0000),(478,'Coco, água de',8,0.0000,0.2151,0.0000,0.0000,0.0528,0.0013,0.1884,0.0516,0.0000,0.0000,0.0178,0.0241,0.0000,0.0000),(479,'Refrigerante, tipo água tônica',8,0.0000,0.3078,0.0000,0.0000,0.0795,0.0000,0.0108,0.0000,0.0000,0.0000,0.0829,0.0000,0.0000,0.0000),(480,'Refrigerante, tipo cola',8,0.0000,0.3351,0.0000,0.0000,0.0866,0.0000,0.0137,0.0000,0.0000,0.0000,0.0712,0.0000,0.0000,0.0000),(481,'Refrigerante, tipo guaraná',8,0.0000,0.3870,0.0000,0.0000,0.1000,0.0000,0.0141,0.0000,0.0000,0.0000,0.0901,0.0000,0.0000,0.0000),(482,'Refrigerante, tipo laranja',8,0.0000,0.4563,0.0000,0.0000,0.1179,0.0000,0.0234,0.0121,0.0000,0.0000,0.0927,0.0000,0.0000,0.0000),(483,'Refrigerante, tipo limão',8,0.0000,0.3972,0.0000,0.0000,0.1026,0.0000,0.0175,0.0053,0.0000,0.0000,0.0880,0.0000,0.0000,0.0000),(484,'Omelete, de queijo',9,0.0000,2.6801,0.1557,0.2201,0.0044,0.0000,1.6573,0.1427,0.0137,0.0136,2.1605,0.0000,0.5875,0.0640),(485,'Ovo, de codorna, inteiro, cru',9,0.0000,1.7689,0.1369,0.1268,0.0077,0.0000,0.7873,0.1106,0.0335,0.0205,1.2899,0.0000,3.0517,0.0890),(486,'Ovo, de galinha, clara, cozida/10minutos',9,0.0000,0.5944,0.1345,0.0009,0.0000,0.0000,0.0623,0.1101,0.0008,0.0000,1.8054,0.0000,0.0000,0.0000),(487,'Ovo, de galinha, gema, cozida/10minutos',9,0.0000,3.5267,0.1590,0.3078,0.0156,0.0000,1.1443,0.0937,0.0292,0.0287,0.4491,0.0000,1.4848,0.0920),(488,'Ovo, de galinha, inteiro, cozido/10minutos',9,0.0000,1.4570,0.1329,0.0948,0.0061,0.0000,0.4922,0.1124,0.0152,0.0124,1.4590,0.0000,0.3244,0.0290),(489,'Ovo, de galinha, inteiro, cru',9,0.0107,1.4311,0.1303,0.0890,0.0164,0.0000,0.4202,0.1266,0.0156,0.0108,1.6791,0.0000,0.7883,0.0260),(490,'Ovo, de galinha, inteiro, frito',9,0.0000,2.4019,0.1562,0.1859,0.0119,0.0000,0.7289,0.1625,0.0210,0.0146,1.6611,0.0000,0.9389,0.0412),(491,'Achocolatado, pó',10,0.0069,4.0102,0.0420,0.0217,0.9118,0.0389,0.4440,0.7674,0.0536,0.0104,0.6479,0.0000,7.9585,0.0110),(492,'Açúcar, cristal',10,0.0022,3.8685,0.0032,0.0000,0.9961,0.0000,0.0759,0.0101,0.0016,0.0000,0.0000,0.0000,0.0000,0.0000),(493,'Açúcar, mascavo',10,0.0102,3.6855,0.0076,0.0009,0.9445,0.0000,1.2653,0.7995,0.0830,0.0048,0.2520,0.0000,0.0000,0.0000),(494,'Açúcar, refinado',10,0.0000,3.8657,0.0032,0.0000,0.9954,0.0000,0.0350,0.0055,0.0011,0.0000,0.1216,0.0000,0.0000,0.0000),(495,'Chocolate, ao leite',10,0.0000,5.3959,0.0722,0.3027,0.5958,0.0217,1.9119,0.5710,0.0158,0.0106,0.7710,0.0000,0.0000,0.1750),(496,'Chocolate, ao leite, com castanha do Pará',10,0.0000,5.5888,0.0741,0.3419,0.5538,0.0246,1.7123,0.7957,0.0147,0.0130,0.6405,0.0142,0.3615,0.1410),(497,'Chocolate, ao leite, dietético',10,0.0000,5.5682,0.0690,0.3377,0.5632,0.0285,1.8789,0.6721,0.0331,0.0112,0.8471,0.0205,0.0704,0.1920),(498,'Chocolate, meio amargo',10,0.0000,4.7492,0.0486,0.2986,0.6242,0.0494,0.4467,1.0736,0.0361,0.0152,0.0887,0.0210,0.0000,0.1310),(499,'Cocada branca',10,0.0104,4.4885,0.0112,0.1359,0.8138,0.0357,0.0706,0.1741,0.0124,0.0041,0.2899,0.0000,0.0000,0.0840),(500,'Doce, de abóbora, cremoso',10,0.0164,1.9894,0.0092,0.0021,0.5461,0.0228,0.1299,0.0552,0.0085,0.0000,0.0000,0.0011,0.0000,0.0000),(501,'Doce, de leite, cremoso',10,0.0164,3.0631,0.0548,0.0599,0.5949,0.0000,1.9510,0.1626,0.0007,0.0053,1.2009,0.0000,0.3564,0.0132),(502,'Geléia, mocotó, natural',10,0.0000,1.0609,0.0213,0.0007,0.2423,0.0000,0.0352,0.0075,0.0012,0.0000,0.4268,0.0000,0.0000,0.0000),(503,'Glicose de milho',10,0.0000,2.9212,0.0000,0.0000,0.7938,0.0000,0.0567,0.0190,0.0005,0.0000,0.5893,0.0000,0.0000,0.0000),(504,'Maria mole',10,0.0000,3.0124,0.0381,0.0019,0.7355,0.0067,0.1336,0.0689,0.0039,0.0009,0.1531,0.0000,0.0000,0.0000),(505,'Maria mole, coco queimado',10,0.0000,3.0663,0.0393,0.0009,0.7506,0.0064,0.1946,0.0599,0.0047,0.0009,0.1429,0.0000,0.0000,0.0000),(506,'Marmelada',10,0.0000,2.5724,0.0040,0.0014,0.7076,0.0407,0.1132,0.0580,0.0073,0.0008,0.1088,0.0000,0.0000,0.0000),(507,'Mel, de abelha',10,0.0000,3.0924,0.0000,0.0000,0.8403,0.0000,0.1020,0.0551,0.0025,0.0017,0.0604,0.0074,0.0000,0.0000),(508,'Melado',10,0.0000,2.9651,0.0000,0.0000,0.7662,0.0000,1.0206,1.1514,0.0539,0.0027,0.0401,0.0000,0.0000,0.0000),(509,'Quindim',10,0.0000,4.1135,0.0474,0.2443,0.4630,0.0322,0.3718,0.1490,0.0138,0.0111,0.2737,0.0000,0.7598,0.1133),(510,'Rapadura',10,0.0000,3.5196,0.0099,0.0007,0.9079,0.0000,0.3049,0.4718,0.0444,0.0056,0.2171,0.0000,0.0000,0.0000),(511,'Café, pó, torrado',11,0.0129,4.1862,0.1470,0.1195,0.6575,0.5123,1.0689,1.6512,0.0813,0.0052,0.0113,0.0000,0.0000,0.0530),(512,'Capuccino, pó',11,0.0000,4.1741,0.1131,0.0863,0.7361,0.0244,4.6659,0.7085,0.0228,0.0114,3.8229,0.0000,0.5153,0.0400),(513,'Fermento em pó, químico',11,0.0299,0.8972,0.0048,0.0007,0.4391,0.0000,0.0000,0.0000,0.0000,0.0000,100.5241,0.0000,0.0000,0.0000),(514,'Fermento, biológico, levedura, tablete',11,0.0000,0.8979,0.1696,0.0152,0.0770,0.0417,0.1801,0.3845,0.0262,0.1100,0.3961,0.0000,0.0000,0.0000),(515,'Gelatina, sabores variados, pó',11,0.0254,3.8022,0.0889,0.0000,0.8922,0.0000,0.2684,0.0231,0.0033,0.0000,2.3492,0.4000,0.0000,0.0000),(516,'Sal, dietético',11,0.0015,0.0000,0.0000,0.0000,0.0000,0.0000,0.0000,0.0000,0.0000,0.0000,234.3152,0.0000,0.0000,0.0000),(517,'Sal, grosso',11,0.0000,0.0000,0.0000,0.0000,0.0000,0.0000,0.0000,0.0000,0.0000,0.0000,399.4320,0.0000,0.0000,0.0000),(518,'Shoyu',11,0.0000,0.6093,0.0331,0.0033,0.1165,0.0000,0.1453,0.2363,0.0050,0.0019,50.2421,0.0000,0.0000,0.0000),(519,'Tempero a base de sal',11,0.0080,0.2133,0.0267,0.0026,0.0207,0.0056,0.0000,0.0000,0.0000,0.0000,325.6000,0.0000,0.0000,0.0000),(520,'Azeitona, preta, conserva',12,0.0000,1.9415,0.0116,0.2035,0.0554,0.0456,0.5875,0.0476,0.0545,0.0029,15.6666,0.0000,0.0000,0.0350),(521,'Azeitona, verde, conserva',12,0.0000,1.3694,0.0095,0.1422,0.0410,0.0385,0.4564,0.0394,0.0018,0.0008,13.4718,0.0000,0.0000,0.0230),(522,'Chantilly, spray, com gordura vegetal',12,0.0000,3.1496,0.0053,0.2727,0.1686,0.0000,0.0227,0.0085,0.0000,0.0007,1.0970,0.0000,0.0000,0.2590),(523,'Leite, de coco',12,0.0000,1.6616,0.0101,0.1836,0.0219,0.0068,0.0585,0.1683,0.0046,0.0032,0.4429,0.0000,0.0000,0.1560),(524,'Maionese, tradicional com ovos',12,0.0000,3.0215,0.0058,0.3050,0.0790,0.0000,0.0348,0.0086,0.0010,0.0006,7.8683,0.0000,0.0800,0.0410),(525,'Acarajé',13,0.0000,2.8921,0.0835,0.1993,0.1911,0.0936,1.2442,0.5112,0.0193,0.0119,3.0489,0.0000,0.0000,0.0910),(526,'Arroz carreteiro',13,0.0000,1.5377,0.1083,0.0712,0.1158,0.0150,0.1326,0.0929,0.0096,0.0267,16.2173,0.0000,0.0000,0.0320),(527,'Baião de dois, arroz e feijão-de-corda',13,0.0000,1.3568,0.0624,0.0323,0.2042,0.0507,0.3330,0.1868,0.0056,0.0060,0.9330,0.0000,0.0000,0.0060),(528,'Barreado',13,0.0000,1.6498,0.1827,0.0953,0.0024,0.0015,0.1451,0.2137,0.0244,0.0483,0.4763,0.0000,0.0000,0.0333),(529,'Bife à cavalo, com contra filé',13,0.0000,2.9123,0.2366,0.2115,0.0000,0.0000,0.2598,0.1949,0.0210,0.0321,0.8287,0.0000,0.3680,0.0794),(530,'Bolinho de arroz',13,0.0000,2.7351,0.0804,0.0829,0.4168,0.0274,0.2357,0.1345,0.0212,0.0086,0.5886,0.0000,0.0000,0.0180),(531,'Camarão à baiana',13,0.0000,1.0078,0.0794,0.0597,0.0317,0.0039,0.4268,0.1486,0.0142,0.0047,0.8479,0.0407,0.0000,0.0164),(532,'Charuto, de repolho',13,0.0000,0.7823,0.0678,0.0112,0.1013,0.0146,0.2289,0.1346,0.0086,0.0175,0.1210,0.0477,0.0000,0.0046),(533,'Cuscuz, de milho, cozido com sal',13,0.0000,1.1346,0.0216,0.0068,0.2528,0.0205,0.0154,0.0272,0.0017,0.0020,2.4767,0.0000,0.0000,0.0020),(534,'Cuscuz, paulista',13,0.0000,1.4212,0.0256,0.0465,0.2251,0.0243,0.1416,0.0510,0.0033,0.0021,2.3571,0.0000,0.0000,0.0180),(535,'Cuxá, molho',13,0.0000,0.8009,0.0564,0.0359,0.0574,0.0302,1.0548,0.3358,0.0094,0.0057,13.4429,0.1028,0.0000,0.0059),(536,'Dobradinha',13,0.0000,1.2450,0.1977,0.0444,0.0000,0.0000,0.1134,0.0825,0.0101,0.0272,0.2877,0.0000,0.0000,0.0250),(537,'Estrogonofe de carne',13,0.0000,1.7314,0.1503,0.1080,0.0298,0.0000,0.2832,0.2151,0.0270,0.0204,1.2285,0.0000,0.2763,0.0526),(538,'Estrogonofe de frango',13,0.0000,1.5681,0.1755,0.0796,0.0259,0.0000,0.2605,0.2476,0.0152,0.0058,0.9946,0.0000,0.2822,0.0369),(539,'Feijão tropeiro mineiro',13,0.0000,1.5156,0.1017,0.0679,0.1958,0.0357,0.4120,0.3611,0.0216,0.0145,3.6507,0.0000,0.0877,0.0216),(540,'Feijoada',13,0.0000,1.1693,0.0867,0.0648,0.1164,0.0509,0.3238,0.3185,0.0135,0.0083,2.7822,0.0000,0.0000,0.0192),(541,'Frango, com açafrão',13,0.0000,1.1278,0.0970,0.0617,0.0406,0.0022,0.1299,0.1609,0.0084,0.0050,0.2881,0.0528,0.0809,0.0161),(542,'Macarrão, molho bolognesa',13,0.0000,1.1953,0.0493,0.0089,0.2252,0.0078,0.1055,0.0998,0.0139,0.0075,0.0894,0.0000,0.0000,0.0027),(543,'Maniçoba',13,0.0000,1.3422,0.0996,0.0870,0.0342,0.0216,0.6598,0.2365,0.0322,0.0203,4.0670,0.0000,0.0000,0.0289),(544,'Quibebe',13,0.0000,0.8635,0.0856,0.0267,0.0664,0.0167,0.0768,0.1040,0.0078,0.0164,2.4661,0.0000,0.0000,0.0104),(545,'Salada, de legumes, com maionese',13,0.0000,0.9610,0.0105,0.0704,0.0892,0.0222,0.1213,0.0871,0.0023,0.0016,2.2843,0.0000,0.0000,0.0109),(546,'Salada, de legumes, cozida no vapor',13,0.0000,0.3541,0.0201,0.0031,0.0709,0.0251,0.3290,0.1858,0.0044,0.0030,0.0251,0.2935,0.0000,0.0006),(547,'Salpicão, de frango',13,0.0000,1.4786,0.1393,0.0784,0.0457,0.0041,0.0941,0.1325,0.0032,0.0039,2.4835,0.0926,0.0000,0.0134),(548,'Sarapatel',13,0.0000,1.2298,0.1847,0.0442,0.0109,0.0041,0.1223,0.1280,0.0718,0.0177,2.1562,0.0000,14.6367,0.0139),(549,'Tabule',13,0.0000,0.5745,0.0205,0.0121,0.1058,0.0208,0.1885,0.1798,0.0055,0.0058,0.0119,0.1622,0.0000,0.0021),(550,'Tacacá',13,0.0000,0.4689,0.0696,0.0036,0.0339,0.0021,0.4482,0.2990,0.0095,0.0079,13.4906,0.0000,0.0000,0.0018),(551,'Tapioca, com manteiga',13,0.0000,3.4783,0.0009,0.1091,0.6359,0.0000,0.3003,0.0322,0.0024,0.0004,1.5752,0.0000,0.7527,0.0605),(552,'Tucupi, com pimenta-de-cheiro',13,0.0000,0.2718,0.0206,0.0028,0.0474,0.0023,0.2826,0.4249,0.0115,0.0085,0.0513,0.4640,0.0000,0.0006),(553,'Vaca atolada',13,0.0000,1.4490,0.0512,0.0932,0.1006,0.0234,0.6266,0.1575,0.0073,0.0120,0.2563,0.0000,0.0000,0.0414),(554,'Vatapá',13,0.0000,2.5489,0.0600,0.2323,0.0975,0.0170,0.4682,0.3932,0.0144,0.0085,8.7985,0.0000,0.0000,0.0750),(555,'Virado à paulista',13,0.0000,3.0695,0.1018,0.2559,0.1411,0.0216,0.4071,0.2181,0.0105,0.0104,3.4553,0.0000,0.1017,0.0828),(556,'Yakisoba',13,0.0000,1.1280,0.0752,0.0261,0.1825,0.0106,0.1395,0.1334,0.0062,0.0068,7.9376,0.0000,0.0000,0.0058),(557,'Amendoim, grão, cru',14,0.0000,5.4405,0.2719,0.4385,0.2031,0.0804,0.0000,1.7051,0.0253,0.0317,0.0000,0.0000,0.0000,0.0870),(558,'Amendoim, torrado, salgado',14,0.0000,6.0578,0.2248,0.5396,0.1870,0.0776,0.3943,1.5934,0.0133,0.0212,3.7573,0.0000,0.0000,0.0974),(559,'Ervilha, em vagem',14,0.0000,0.8809,0.0745,0.0047,0.1423,0.0972,0.2444,0.4176,0.0144,0.0123,0.0000,0.1244,0.0000,0.0000),(560,'Ervilha, enlatada, drenada',14,0.0087,0.7384,0.0460,0.0038,0.1344,0.0508,0.2222,0.2319,0.0139,0.0088,3.7211,0.0000,0.0000,0.0010),(561,'Feijão, carioca, cozido',14,0.0000,0.7642,0.0478,0.0054,0.1359,0.0851,0.2659,0.4234,0.0129,0.0070,0.0176,0.0000,0.0000,0.0010),(562,'Feijão, carioca, cru',14,0.0028,3.2903,0.1998,0.0126,0.6122,0.1842,1.2257,2.0995,0.0799,0.0290,0.0000,0.0000,0.0000,0.0020),(563,'Feijão, fradinho, cozido',14,0.0000,0.7801,0.0509,0.0064,0.1350,0.0747,0.1745,0.3812,0.0106,0.0112,0.0098,0.0000,0.0000,0.0020),(564,'Feijão, fradinho, cru',14,0.0060,3.3916,0.2021,0.0237,0.6124,0.2359,0.7752,1.7839,0.0513,0.0388,0.1031,0.0000,0.0000,0.0070),(565,'Feijão, jalo, cozido',14,0.0000,0.9274,0.0614,0.0051,0.1650,0.1387,0.2940,0.4410,0.0192,0.0101,0.0052,0.0000,0.0000,0.0010),(566,'Feijão, jalo, cru',14,0.0000,3.2791,0.2010,0.0095,0.6148,0.3032,0.9797,1.6990,0.0703,0.0301,0.2458,0.0000,0.0000,0.0030),(567,'Feijão, preto, cozido',14,0.0000,0.7703,0.0448,0.0054,0.1401,0.0840,0.2900,0.4037,0.0147,0.0072,0.0185,0.0000,0.0000,0.0010),(568,'Feijão, preto, cru',14,0.0028,3.2357,0.2134,0.0124,0.5875,0.2183,1.1090,1.8811,0.0646,0.0285,0.0000,0.0000,0.0000,0.0020),(569,'Feijão, rajado, cozido',14,0.0000,0.8470,0.0554,0.0040,0.1527,0.0932,0.2919,0.4171,0.0136,0.0092,0.0069,0.0000,0.0000,0.0010),(570,'Feijão, rajado, cru',14,0.0000,3.2584,0.1727,0.0117,0.6293,0.2401,1.1143,1.6990,0.1858,0.0260,0.1365,0.0000,0.0000,0.0040),(571,'Feijão, rosinha, cozido',14,0.0000,0.6787,0.0454,0.0048,0.1182,0.0476,0.1924,0.4296,0.0118,0.0131,0.0208,0.0000,0.0000,0.0020),(572,'Feijão, rosinha, cru',14,0.0028,3.3696,0.2092,0.0133,0.6222,0.2063,0.6766,1.8450,0.0532,0.0398,0.2411,0.0000,0.0000,0.0060),(573,'Feijão, roxo, cozido',14,0.0000,0.7689,0.0572,0.0054,0.1291,0.1151,0.2253,0.3439,0.0141,0.0101,0.0146,0.0000,0.0000,0.0010),(574,'Feijão, roxo, cru',14,0.0000,3.3141,0.2217,0.0124,0.5999,0.3384,1.2046,1.6194,0.0692,0.0329,0.0976,0.0000,0.0000,0.0030),(575,'Grão-de-bico, cru',14,0.0000,3.5470,0.2123,0.0543,0.5788,0.1236,1.1436,1.4639,0.0538,0.0319,0.0519,0.0000,0.0000,0.0090),(576,'Guandu, cru',14,0.0000,3.4413,0.1896,0.0213,0.6400,0.2131,1.2934,1.6600,0.0194,0.0202,0.0162,0.0147,0.0000,0.0060),(577,'Lentilha, cozida',14,0.0000,0.9264,0.0631,0.0052,0.1630,0.0786,0.1610,0.2165,0.0148,0.0113,0.0118,0.0000,0.0000,0.0010),(578,'Lentilha, crua',14,0.0154,3.3914,0.2315,0.0077,0.6200,0.1694,0.5352,0.9353,0.0705,0.0349,0.0000,0.0000,0.0000,0.0010),(579,'Paçoca, amendoim',14,0.0000,4.8693,0.1600,0.2608,0.5238,0.0732,0.2248,1.0067,0.0113,0.0156,1.6684,0.0000,0.0000,0.0410),(580,'Pé-de-moleque, amendoim',14,0.0000,5.0319,0.1316,0.2805,0.5473,0.0339,0.2711,1.0790,0.0126,0.0143,0.1635,0.0000,0.0000,0.0508),(581,'Soja, farinha',14,0.0000,4.0396,0.3603,0.1463,0.3844,0.2018,2.0602,2.4190,0.1306,0.0454,0.0575,0.0000,0.0000,0.0000),(582,'Soja, extrato solúvel, natural, fluido',14,0.0000,0.3910,0.0238,0.0161,0.0428,0.0037,0.1652,0.1545,0.0043,0.0028,0.5653,0.0000,0.0000,0.0020),(583,'Soja, extrato solúvel, pó',14,0.0000,4.5890,0.3569,0.2618,0.2848,0.0731,3.5904,2.1562,0.0701,0.0584,0.8347,0.0921,0.0000,0.0330),(584,'Soja, queijo (tofu)',14,0.0000,0.6449,0.0655,0.0395,0.0213,0.0075,0.8076,0.3820,0.0143,0.0089,0.0121,0.0000,0.0000,0.0040),(585,'Tremoço, cru',14,0.0000,3.8128,0.3358,0.1034,0.4379,0.3231,1.7675,1.2143,0.0279,0.0424,0.0329,0.2497,0.0000,0.0120),(586,'Tremoço, em conserva',14,0.0000,1.2064,0.1111,0.0378,0.1239,0.1444,0.1554,0.0352,0.0034,0.0064,18.0876,0.0000,0.0000,0.0040),(587,'Amêndoa, torrada, salgada',15,0.0000,5.8075,0.1855,0.4732,0.2955,0.1164,2.3670,2.2210,0.0306,0.0258,2.7852,0.0000,0.0000,0.0480),(588,'Castanha-de-caju, torrada, salgada',15,0.0000,5.7017,0.1851,0.4628,0.2913,0.0366,0.3259,2.3661,0.0522,0.0472,1.2500,0.0000,0.0000,0.0770),(589,'Castanha-do-Brasil, crua',15,0.0000,6.4296,0.1454,0.6346,0.1508,0.0793,1.4634,3.6512,0.0231,0.0422,0.0065,0.0000,0.0000,0.1530),(590,'Coco, cru',15,0.0398,4.0649,0.0369,0.4198,0.1040,0.0538,0.0648,0.5146,0.0176,0.0094,0.1532,0.0249,0.0000,0.3000),(591,'Coco,  verde, cru',15,0.0000,4.0200,0.0380,0.4170,0.0980,0.0500,0.0700,0.4100,0.0170,0.0090,0.0000,0.0000,0.0000,0.0314),(592,'Farinha, de mesocarpo de babaçu, crua',15,0.0000,3.2877,0.0141,0.0020,0.7917,0.1786,0.6095,0.3935,0.1833,0.0034,0.1246,0.0000,0.0000,0.0000),(593,'Gergelim, semente',15,0.0000,5.8355,0.2116,0.5043,0.2162,0.1187,8.2545,3.6069,0.0545,0.0524,0.0257,0.0000,0.0000,0.0780),(594,'Linhaça, semente',15,0.0000,4.9510,0.1408,0.3225,0.4331,0.3350,2.1150,3.4692,0.0470,0.0439,0.0867,0.0000,0.0000,0.0420),(595,'Pinhão, cozido',15,0.0000,1.7437,0.0298,0.0075,0.4392,0.1560,0.1577,0.5297,0.0076,0.0083,0.0086,0.2769,0.0000,0.0030),(596,'Pupunha, cozida',15,0.0000,2.1853,0.0252,0.1276,0.2957,0.0425,0.2759,0.2529,0.0052,0.0029,0.0091,0.0218,0.0000,0.0307),(597,'Noz, crua',15,0.0000,6.2006,0.1397,0.5936,0.1836,0.0725,1.0531,1.5289,0.0204,0.0206,0.0457,0.0000,0.0000,0.0560),(598,'Trigo para kibe',1,0.0050,3.4000,0.1600,0.0000,0.6600,0.0800,0.2800,0.0000,0.0400,0.0000,0.0000,0.0000,0.0000,0.0000),(599,'Água',9,0.0000,0.0000,0.0000,0.0000,0.0000,0.0000,0.0030,0.0010,0.0000,0.0000,0.0050,0.0000,0.0000,0.0000),(600,'Canela em pó',11,0.0996,2.6100,0.0400,0.0300,0.8000,0.5400,0.0000,0.0000,0.0000,0.0000,0.0000,0.0000,0.0000,0.0000),(601,'Iogurte  sabor coco',7,0.0050,0.9869,0.0346,0.0347,0.1462,0.0213,1.2093,0.1152,0.0009,0.0044,0.4478,0.0415,0.0000,0.0198),(602,'Cheiro verde',3,0.0089,0.4200,0.0300,0.0100,0.0700,0.0100,0.0000,0.0000,0.0000,0.0000,0.0000,0.0000,0.0000,0.0000),(603,'Colorífico',12,0.0146,2.5000,0.0000,0.0000,0.5000,0.0000,0.0000,0.0000,0.0500,0.0000,0.0000,0.0000,0.0000,0.0000),(604,'Canjiquinha',15,0.0030,0.6295,0.0124,0.0003,0.1350,0.0067,0.0000,0.0000,0.0000,0.0000,0.0000,0.0000,0.0000,0.0000),(605,'Orégano',3,0.0100,0.6600,0.0200,0.0200,0.1000,0.0000,0.0000,0.0000,0.0000,0.0000,0.0000,0.0000,0.0000,0.0000),(606,'Iogurte, sabor maça verde',7,0.0050,0.9869,0.0346,0.0347,0.1462,0.0213,1.2093,0.1152,0.0009,0.0044,0.4478,0.0415,0.0000,0.0198);
/*!40000 ALTER TABLE `ALIMENTOS` ENABLE KEYS */;
UNLOCK TABLES;

--
-- Table structure for table `ALIMENTOSAcres`
--

DROP TABLE IF EXISTS `ALIMENTOSAcres`;
/*!40101 SET @saved_cs_client     = @@character_set_client */;
/*!40101 SET character_set_client = utf8 */;
CREATE TABLE `ALIMENTOSAcres` (
  `CodigoAlim` int(11) NOT NULL,
  `SodioAlim` double(10,4) DEFAULT NULL,
  `VitCAlim` double(10,4) DEFAULT NULL,
  `GSatAlim` double(10,4) DEFAULT NULL,
  `VitAAlim` double(10,4) NOT NULL,
  PRIMARY KEY (`CodigoAlim`,`VitAAlim`)
) ENGINE=InnoDB DEFAULT CHARSET=latin1;
/*!40101 SET character_set_client = @saved_cs_client */;

--
-- Dumping data for table `ALIMENTOSAcres`
--

LOCK TABLES `ALIMENTOSAcres` WRITE;
/*!40000 ALTER TABLE `ALIMENTOSAcres` DISABLE KEYS */;
INSERT INTO `ALIMENTOSAcres` VALUES (1,0.0124,0.0000,0.0030,0.0000),(2,0.0165,0.0000,0.0030,0.0000),(3,0.0120,0.0000,0.0020,0.0000),(4,0.0102,0.0000,0.0010,0.0000),(5,0.0196,0.0000,0.0010,0.0000),(6,0.0057,0.0000,0.0010,0.0000),(7,0.0463,0.0135,0.0154,0.0000),(8,3.5203,0.0622,0.0390,0.0000),(9,2.3920,0.0353,0.0620,0.0000),(10,2.2982,0.0000,0.0610,0.0000),(11,1.3724,0.0000,0.0650,0.0000),(12,1.1990,0.0000,0.0670,0.0000),(13,8.5436,0.0000,0.0440,0.0000),(14,4.6288,0.0000,0.0209,0.0000),(15,1.1101,0.0000,0.0500,0.0000),(16,2.8330,0.0000,0.0550,0.0000),(17,1.9034,0.0000,0.0490,0.0000),(18,1.3381,0.0000,0.0450,0.5689),(19,0.0079,0.0000,0.0030,0.0000),(20,0.2759,0.0000,0.0060,0.0000),(21,2.7174,0.0000,0.0050,0.0000),(22,0.3097,0.0000,0.0030,0.0000),(23,3.9940,1.0937,0.0030,0.2142),(24,11.6326,0.1311,0.0050,0.0000),(25,6.5454,0.1729,0.0036,0.0000),(26,4.0531,0.1455,0.0023,0.0000),(27,0.0103,0.0000,0.0040,0.0000),(28,5.9379,0.9634,0.0030,0.0000),(29,0.2051,0.0000,0.0082,0.1207),(30,2.2293,0.0000,0.0300,0.0000),(31,0.1710,1.7359,0.0020,0.0000),(32,0.4138,0.0000,0.0030,0.0000),(33,0.4493,0.0000,0.0040,0.0000),(34,3.3250,0.0000,0.0060,0.0000),(35,0.0074,0.0000,0.0031,0.0000),(36,1.2507,0.2431,0.0330,4.9225),(37,2.0677,0.0000,0.0060,0.0000),(38,6.6671,0.0000,0.0050,0.0000),(39,15.1553,0.0000,0.0000,0.0000),(40,0.0717,0.0000,0.0000,0.0000),(41,0.1474,0.0000,0.0054,0.0000),(42,0.0808,0.0000,0.0000,0.0000),(43,0.0000,0.0000,0.0043,0.0000),(44,0.0112,0.0000,0.0020,0.0000),(45,2.6035,0.0174,0.0060,0.0000),(46,0.1486,0.0000,0.0010,15.3324),(47,1.3199,0.0000,0.0050,0.0000),(48,6.0576,0.0000,0.0110,0.0000),(49,6.6254,0.0000,0.0070,0.0000),(50,0.2205,0.0000,0.0050,0.0000),(51,5.0664,0.0000,0.0060,0.0000),(52,5.0610,0.0000,0.0070,0.0000),(53,6.4767,0.0000,0.0100,0.0299),(54,4.3079,0.0000,0.0080,0.0000),(55,13.0927,0.0000,0.0369,0.0000),(56,10.3989,0.0000,0.0483,0.0000),(57,9.8457,0.0000,0.0000,0.0000),(58,8.2138,0.0000,0.0000,0.1758),(59,13.4420,0.0000,0.0210,0.0000),(60,11.7467,0.0000,0.0690,0.0000),(61,0.0432,0.0000,0.0236,0.0000),(62,4.4189,0.0000,0.0000,0.0000),(63,8.2949,0.0000,0.0090,0.0000),(64,0.0145,0.0746,0.0010,0.0000),(65,0.0000,0.0509,0.0012,0.0000),(66,0.0000,0.0150,0.0000,0.0000),(67,0.0000,0.0965,0.0000,0.0000),(68,0.0303,0.0673,0.0012,0.0000),(69,0.0075,0.0209,0.0000,0.0000),(70,0.0083,0.0213,0.0010,0.0000),(71,0.0000,0.0687,0.0000,0.0000),(72,0.0221,0.0753,0.0013,0.0000),(73,0.0050,0.1755,0.0000,0.0000),(74,0.0118,0.2255,0.0000,0.0000),(75,0.0746,0.6010,0.0000,0.0000),(76,0.0952,0.0588,0.0000,0.0000),(77,0.0731,0.1096,0.0000,0.0000),(78,0.0338,0.1558,0.0000,0.0000),(79,0.0423,0.2139,0.0000,0.0000),(80,0.0712,0.1347,0.0000,0.0000),(81,0.0455,0.0000,0.0010,0.0000),(82,0.0536,0.0000,0.0000,0.0000),(83,0.0176,0.1415,0.0000,0.0000),(84,0.0235,0.0169,0.0000,0.0000),(85,0.1452,0.0147,0.0080,0.0000),(86,0.0210,0.1710,0.0000,0.0000),(87,0.0000,0.0755,0.0000,0.0000),(88,0.0270,0.2379,0.0000,0.0000),(89,0.0877,0.1648,0.0000,0.0000),(90,6.0740,0.0000,0.1290,0.0000),(91,0.0229,0.0376,0.0000,0.0000),(92,0.0000,0.3108,0.0000,0.0000),(93,0.0191,0.1634,0.0210,0.0000),(94,0.0818,0.0000,0.0030,0.0000),(95,0.0132,0.0000,0.0000,0.0000),(96,0.0000,0.0301,0.0000,0.0000),(97,0.2276,0.0124,0.0000,0.0000),(98,0.0972,0.0312,0.0000,0.0000),(99,0.9780,0.0000,0.0240,0.0000),(100,0.0212,0.4200,0.0010,0.0000),(101,0.0333,0.3428,0.0014,0.0000),(102,0.0101,0.0000,0.0000,0.0000),(103,0.0000,0.0879,0.0000,0.0000),(104,0.1366,0.0536,0.0010,0.0000),(105,0.0939,0.0733,0.0010,0.0000),(106,0.2472,0.0000,0.0071,0.0000),(107,0.0060,0.0467,0.0000,0.0000),(108,0.0160,0.3178,0.0000,0.0000),(109,0.0788,0.0000,0.0000,0.0000),(110,0.0333,0.0512,0.0000,0.0000),(111,0.1352,0.0654,0.0000,0.0000),(112,0.0181,0.0557,0.0000,0.0000),(113,0.0000,0.1061,0.0000,0.0000),(114,0.1826,0.4077,0.0000,0.0000),(115,0.0617,0.9668,0.0012,0.0000),(116,0.1145,0.7694,0.0100,0.0000),(117,0.0344,0.3605,0.0000,0.0000),(118,0.0179,0.2370,0.0010,0.0000),(119,0.1709,0.0242,0.0000,0.0000),(120,0.4702,0.0527,0.0090,0.0000),(121,0.0102,0.0000,0.0010,0.0000),(122,0.1031,0.0000,0.0010,0.0000),(123,0.0361,0.0000,0.0023,0.0000),(124,0.0245,0.0000,0.0000,0.0000),(125,0.0179,0.1200,0.0000,0.0000),(126,0.0000,0.0562,0.0008,0.0000),(127,0.0000,0.0679,0.0007,0.0000),(128,0.0077,0.1383,0.0050,0.0000),(129,0.0091,0.1107,0.0010,0.0000),(130,0.0215,0.1653,0.0006,0.0000),(131,5.7451,0.0000,0.0190,0.0000),(132,0.0894,0.0000,0.0170,0.0000),(133,0.0389,0.0234,0.0013,0.0000),(134,0.1099,0.0963,0.0000,0.0000),(135,0.0288,0.3855,0.0000,0.0000),(136,0.0707,0.0000,0.0056,0.1547),(137,0.0246,0.0955,0.0000,0.0000),(138,5.1382,0.0198,0.0010,0.0000),(139,5.6269,0.0866,0.0000,0.0000),(140,7.7349,0.0000,0.0000,0.6131),(141,4.0499,0.0000,0.0340,0.4750),(142,0.0000,0.0499,0.0000,0.0000),(143,0.0000,2.0136,0.0000,0.0000),(144,0.0000,1.0021,0.0000,0.0000),(145,0.0000,1.5821,0.0000,0.0000),(146,0.0158,0.0000,0.0000,0.0000),(147,0.0089,0.0560,0.0000,0.0000),(148,0.1099,0.0963,0.0000,0.0000),(149,0.0364,0.1872,0.0000,0.0000),(150,0.0234,0.4320,0.0000,0.0000),(151,0.0342,0.4052,0.0019,0.0000),(152,0.0942,0.4629,0.0000,0.0000),(153,0.0230,0.5169,0.0008,0.0000),(154,3.9814,0.0000,0.0012,0.0000),(155,0.1935,0.0151,0.0010,0.0000),(156,0.0116,0.1794,0.0020,0.0000),(157,0.0102,0.2121,0.0000,0.0000),(158,4.9793,0.1801,0.0000,0.0000),(159,4.1828,0.0271,0.0010,0.0000),(160,1.0393,0.0538,0.0000,0.0000),(161,0.0524,0.1280,0.0000,0.0000),(162,0.0000,0.0115,0.0000,0.0000),(163,0.0000,0.0866,0.0230,0.0000),(164,0.0000,0.3462,0.0000,0.0000),(165,0.0124,0.0125,0.0000,0.0000),(166,0.0000,0.1028,0.0030,0.0000),(167,0.1510,0.1027,0.0070,0.0000),(168,0.0518,0.0000,0.0073,0.0000),(169,0.0000,9.4137,0.0000,0.0000),(170,0.0128,6.2324,0.0000,0.0000),(171,0.0270,0.0427,0.0000,0.0000),(172,0.0000,0.0763,0.0000,0.0000),(173,0.0279,0.0515,0.0010,0.0000),(174,0.0078,0.1015,0.0010,0.0000),(175,0.0000,0.1575,0.0000,0.0000),(176,0.0988,0.0000,0.0000,0.0000),(177,0.0000,0.1750,0.0000,0.0000),(178,0.0000,0.1047,0.0000,0.0000),(179,0.0000,0.0586,0.0000,0.0000),(180,0.0000,0.0756,0.0000,0.0000),(181,0.0094,0.0000,0.0000,0.0000),(182,0.0000,0.2159,0.0000,0.0000),(183,0.0070,0.1356,0.0000,0.0000),(184,0.0144,0.2670,0.0000,0.0000),(185,0.0694,0.0000,0.0000,0.0000),(186,0.0297,2.1933,0.0000,0.0000),(187,0.0416,1.1972,0.0000,0.0000),(188,0.4504,1.3870,0.0000,0.0000),(189,0.0218,0.2961,0.0000,0.0000),(190,0.0409,0.6087,0.0000,0.0000),(191,0.0168,0.2703,0.0020,0.0000),(192,0.0320,0.2451,0.0040,0.0000),(193,0.0069,0.1049,0.0030,0.0000),(194,0.0000,0.0079,0.0000,0.0000),(195,0.0687,0.0524,0.0000,0.0000),(196,0.0080,0.0987,0.0010,0.0000),(197,0.0000,0.9919,0.0006,0.0000),(198,0.0370,0.2306,0.0000,0.0000),(199,0.1103,0.3433,0.0000,0.0000),(200,0.0000,0.8060,0.0005,0.0000),(201,0.0416,0.1914,0.0000,0.0000),(202,0.0305,0.1048,0.0000,0.0000),(203,0.0000,0.1617,0.0000,0.0000),(204,0.0180,0.1482,0.0010,0.0000),(205,0.2166,0.0377,0.0000,0.0000),(206,0.0137,0.2707,0.0000,0.0000),(207,0.0000,0.7078,0.0006,0.0000),(208,0.0000,0.5687,0.0000,0.0000),(209,0.0000,0.9448,0.0000,0.0000),(210,0.0083,0.3468,0.0000,0.0000),(211,0.0000,0.4432,0.0000,0.0000),(212,0.0111,0.4346,0.0000,0.0000),(213,0.0000,0.4130,0.0000,0.0000),(214,0.0000,0.5373,0.0000,0.0000),(215,0.0000,0.7334,0.0000,0.0000),(216,0.0063,0.4785,0.0000,0.0000),(217,0.0000,0.0000,0.0000,0.0000),(218,0.0000,0.3278,0.0000,0.0000),(219,0.0000,0.3450,0.0000,0.0000),(220,0.0125,0.3824,0.0000,0.0000),(221,0.0132,0.0149,0.0010,0.0000),(222,0.0000,0.0241,0.0000,0.0000),(223,0.0065,0.1344,0.0710,0.0000),(224,0.0291,0.0390,0.0000,0.0000),(225,0.0326,0.7853,0.0000,0.0000),(226,0.0163,0.8221,0.0000,0.0000),(227,0.0474,0.0000,0.0000,0.0000),(228,0.0055,0.1741,0.0010,0.0000),(229,0.0186,0.6552,0.0000,0.0000),(230,0.0673,0.2490,0.0010,0.0000),(231,0.0000,0.0794,0.0010,0.0000),(232,0.0158,0.1984,0.0022,0.0000),(233,0.0810,0.0726,0.0000,0.0000),(234,0.2169,0.1368,0.0000,0.0000),(235,0.0000,0.0615,0.0000,0.0000),(236,0.1117,0.0868,0.0000,0.0000),(237,0.0117,0.2180,0.0000,0.0000),(238,0.0182,1.1197,0.0000,0.0000),(239,0.0000,0.6360,0.0000,0.0000),(240,0.0000,0.0316,0.0000,0.0000),(241,0.0000,0.0828,0.0000,0.0000),(242,0.0098,0.0236,0.0010,0.0000),(243,0.0000,0.0283,0.0000,0.0000),(244,0.0000,0.0325,0.0000,0.0000),(245,0.0320,0.0000,0.0000,0.0000),(246,0.0134,0.3590,0.0010,0.0000),(247,0.0170,0.2487,0.0000,0.0000),(248,0.0503,0.0000,0.0000,0.0000),(249,0.0059,0.0812,0.0000,0.0000),(250,0.0036,0.0725,0.0010,0.0000),(251,0.0000,0.4882,0.0000,0.0000),(252,0.0000,0.4175,0.0000,0.0000),(253,0.0389,0.1799,0.0469,0.0000),(254,0.0000,0.2406,0.0000,0.0000),(255,0.0577,0.0395,0.0000,0.0000),(256,0.0000,0.0329,0.0000,0.0000),(257,0.0792,0.0186,0.0000,0.0000),(258,0.0958,0.2097,0.0000,0.0000),(259,0.0000,0.0000,0.4310,0.0000),(260,0.0000,0.0000,0.1490,0.0000),(261,5.7869,0.0000,0.4920,9.2355),(262,0.0385,0.0000,0.5150,10.1309),(263,8.9404,0.0000,0.1490,4.6212),(264,0.7789,0.0000,0.0000,5.3438),(265,5.6080,0.0000,0.2190,3.8539),(266,0.3319,0.0000,0.2090,2.4510),(267,0.0000,0.0000,0.5090,0.0000),(268,0.0000,0.0000,0.0790,0.0000),(269,0.0000,0.0000,0.1080,0.0000),(270,0.0000,0.0000,0.1520,0.0000),(271,0.0000,0.0000,0.3990,0.0000),(272,0.0000,0.0000,0.1520,0.0000),(273,3.3439,0.0000,0.0057,0.0000),(274,1.8934,0.0000,0.0038,0.0000),(275,0.7852,0.0000,0.0010,0.0000),(276,3.0509,0.0000,0.0055,0.0569),(277,3.6215,0.0000,0.0100,0.0000),(278,0.3030,0.0000,0.0050,0.2030),(279,135.8506,0.0000,0.0060,0.0000),(280,12.5628,0.0000,0.0090,0.0000),(281,1.6003,0.0000,0.0150,0.1738),(282,1.1491,0.0000,0.0020,0.1162),(283,1.7602,0.0000,0.0010,0.0600),(284,3.6655,0.0000,0.0040,0.0000),(285,2.0113,0.0000,0.0010,0.2000),(286,0.9906,0.0000,0.0247,0.0000),(287,3.6011,0.0000,0.0020,0.0000),(288,0.4701,0.0000,0.0250,0.0000),(289,0.4043,0.0000,0.0480,0.0000),(290,0.3717,0.0000,0.0445,0.0000),(291,0.4509,0.0000,0.0120,0.0812),(292,0.6797,0.0000,0.0070,0.6502),(293,0.8535,0.0000,0.0150,0.0000),(294,0.6839,0.0000,0.0075,0.0628),(295,0.4030,0.0000,0.0297,0.0000),(296,0.4792,0.0000,0.0200,0.0431),(297,0.6455,0.0000,0.0550,0.0945),(298,0.4111,0.0000,0.0340,0.0000),(299,0.3652,0.0000,0.0546,0.2994),(300,0.4061,0.0000,0.0530,0.1207),(301,1.1995,0.0000,0.0020,0.0000),(302,0.7950,0.0000,0.0090,0.0000),(303,0.8996,0.0000,0.0140,0.0000),(304,0.7617,0.0000,0.0080,0.0277),(305,1.0723,0.0000,0.0230,0.3935),(306,0.9051,0.0000,0.0218,0.1750),(307,0.7750,0.0000,0.0090,0.4786),(308,1.1491,0.0000,0.0100,0.0422),(309,0.5129,0.0689,0.0131,0.1919),(310,1.2034,0.0000,0.0030,0.0000),(311,0.8095,0.0000,0.0180,0.0657),(312,0.4334,0.0000,0.0060,0.0000),(313,0.5309,0.0000,0.0110,0.0513),(314,0.6673,0.0000,0.0040,0.0465),(315,0.8514,0.0000,0.0314,0.0000),(316,0.6424,0.0000,0.0247,0.0000),(317,0.9581,0.0000,0.0358,0.0000),(318,0.7447,0.0000,0.0170,0.0000),(319,6.6584,0.0000,0.0410,0.0000),(320,0.6010,0.0000,0.0260,0.0000),(321,0.6039,0.0000,0.0170,0.0000),(322,0.5655,0.0000,0.0060,0.0000),(323,9.4293,0.0000,0.0193,0.0000),(324,221.7967,0.0000,0.0780,0.0000),(325,222.9990,0.0000,0.0940,0.0000),(326,0.5236,0.0000,0.0480,0.0000),(327,0.4861,0.0000,0.0270,0.0232),(328,0.5617,0.0000,0.0550,0.0000),(329,0.4985,0.0000,0.0280,0.0217),(330,6.2125,0.0000,0.0390,0.0000),(331,10.3026,0.0000,0.0420,0.0000),(332,0.3820,0.0000,0.0240,0.0000),(333,0.4500,0.0000,0.0330,0.0000),(334,0.5754,0.0000,0.0690,0.0376),(335,0.8051,0.0000,0.0880,0.0000),(336,0.7917,0.0000,0.0190,0.0000),(337,0.8275,0.0000,0.0430,0.0000),(338,14.4270,0.0000,0.0480,0.0000),(339,58.7503,0.0000,0.0870,0.0000),(340,0.7709,0.0000,0.0724,0.1508),(341,0.3852,0.0000,0.0670,0.0305),(342,0.5088,0.0000,0.0880,0.0000),(343,0.4413,0.0000,0.0560,0.0359),(344,0.5707,0.0000,0.0740,0.0000),(345,0.5289,0.0000,0.0270,0.0000),(346,0.5751,0.0000,0.0203,0.0000),(347,0.9186,0.0000,0.1180,0.0000),(348,0.7000,0.0000,0.1490,0.0457),(349,0.4110,0.0000,0.0350,0.0206),(350,0.4855,0.0000,0.0286,0.0207),(351,0.4350,0.0000,0.0430,0.0247),(352,0.6053,0.0000,0.0390,0.0261),(353,0.7159,0.0000,0.0550,0.0000),(354,0.4686,0.0000,0.0680,0.0270),(355,0.7592,0.0000,0.0279,79.3670),(356,0.8219,0.0000,0.0470,145.7400),(357,0.4886,0.0000,0.0290,0.0363),(358,0.5791,0.0000,0.0450,0.0000),(359,0.4168,0.0000,0.0390,0.0176),(360,0.5422,0.0000,0.0310,0.0202),(361,0.3878,0.0000,0.1210,0.0000),(362,0.5120,0.0000,0.0730,0.0464),(363,0.4754,0.0000,0.0390,0.0290),(364,0.5356,0.0000,0.0230,0.0199),(365,0.5906,0.0000,0.1120,0.0000),(366,0.7305,0.0000,0.0680,0.0000),(367,0.3742,0.0000,0.0310,0.0318),(368,0.5812,0.0000,0.0970,0.0000),(369,0.4305,0.0000,0.0340,0.0352),(370,0.5162,0.0000,0.0510,0.0000),(371,0.6179,0.0000,0.0290,0.0191),(372,0.6608,0.0000,0.0220,0.0191),(373,0.6490,0.0000,0.0350,0.0000),(374,0.5762,0.0000,0.0340,0.0000),(375,0.6586,0.0000,0.0270,0.0327),(376,0.4913,0.0000,0.0200,0.0151),(377,0.6029,0.0000,0.0310,0.0000),(378,0.5571,0.0000,0.1170,0.0000),(379,0.6376,0.0000,0.0820,0.0425),(380,0.3762,0.0000,0.0610,0.0346),(381,0.6000,0.0000,0.0790,0.0000),(382,0.6115,0.0000,0.0200,0.0000),(383,0.6066,0.0000,0.0450,0.0000),(384,19.4318,0.0000,0.1050,0.0000),(385,44.3955,0.0000,0.0870,0.0000),(386,5.3213,0.0000,0.0260,0.0000),(387,7.1064,0.0000,0.0000,0.0000),(388,9.1641,0.0000,0.0508,0.0000),(389,5.2493,0.0000,0.0000,0.0000),(390,7.7073,0.0540,0.0540,0.0000),(391,0.9630,0.0000,0.0440,0.1037),(392,0.5609,0.0000,0.0440,0.1616),(393,0.5324,0.0000,0.0220,0.0605),(394,0.9506,0.0000,0.0490,0.0939),(395,1.2824,0.0000,0.0350,0.0000),(396,0.9484,0.0000,0.0310,0.0597),(397,0.9496,0.0000,0.0300,0.1002),(398,0.6434,0.0000,0.0200,0.0000),(399,0.9837,0.0000,0.0160,0.1166),(400,0.8243,0.0000,0.0130,38.6333),(401,1.2233,0.0000,0.0160,0.0661),(402,0.6288,0.0000,0.0520,0.0700),(403,0.7027,0.0000,0.0210,0.0000),(404,0.5089,0.0000,0.0220,0.0000),(405,0.7296,0.0000,0.0140,0.0367),(406,0.5570,0.0000,0.0220,0.0623),(407,0.6231,0.0000,0.0220,0.0400),(408,0.3617,0.0000,0.0110,0.0000),(409,0.5614,0.0000,0.0110,0.0200),(410,0.5025,0.0000,0.0090,0.0000),(411,0.9594,0.0000,0.0420,0.0822),(412,0.6827,0.0000,0.0650,0.0659),(413,1.0608,0.0000,0.0330,0.1070),(414,0.7975,0.0000,0.0300,0.0392),(415,8.6946,0.0000,0.0570,0.0000),(416,12.5180,0.0000,0.0590,0.0000),(417,10.9033,0.0000,0.0510,0.0000),(418,11.2581,0.0000,0.0520,0.0000),(419,13.7389,0.0000,0.0500,0.0000),(420,13.5149,0.0000,0.0470,0.0000),(421,11.7572,0.0000,0.0400,0.0000),(422,14.3159,0.0000,0.0650,0.0000),(423,14.5586,0.0000,0.0700,0.0000),(424,12.1217,0.0000,0.0612,0.2455),(425,6.2788,0.0000,0.0160,0.0000),(426,7.1068,0.0000,0.0040,0.0000),(427,0.5429,0.0000,0.0350,0.0000),(428,0.6303,0.0000,0.0597,0.0974),(429,0.5144,0.0000,0.0750,0.0000),(430,0.6268,0.0000,0.1180,0.0000),(431,0.8798,0.0000,0.0740,0.0000),(432,0.3892,0.0000,0.0260,0.0000),(433,0.5307,0.0000,0.0330,0.0000),(434,6.1560,0.0000,0.0730,0.0000),(435,0.6241,0.0000,0.0480,0.0000),(436,1.0189,0.0000,0.0420,0.0000),(437,11.5767,0.0000,0.1160,0.0000),(438,10.2077,0.0000,0.0195,0.0000),(439,10.3918,0.0000,0.0086,0.0000),(440,0.3989,0.0000,0.0123,0.0000),(441,0.3877,0.0000,0.0065,0.0000),(442,8.3582,0.0000,0.0458,0.0000),(443,15.7417,0.0000,0.0957,0.0000),(444,0.4959,0.0000,0.1770,0.0000),(445,1.2485,0.0000,0.2000,0.0000),(446,0.4626,0.0205,0.0110,0.0000),(447,0.5172,0.0000,0.1182,1.2767),(448,0.5162,0.0093,0.0180,0.2250),(449,0.5964,0.0035,0.0020,0.0000),(450,0.0000,0.0000,0.0000,0.0000),(451,0.3766,0.0000,0.0140,0.2703),(452,0.3696,0.0000,0.0140,0.2128),(453,0.9380,0.0214,0.0420,0.5295),(454,0.7395,0.0000,0.0240,0.3474),(455,0.7174,0.0326,0.0110,0.3894),(456,4.3167,0.0000,0.0060,2.9946),(457,0.5114,0.0000,0.0000,0.0000),(458,0.6376,0.0000,0.0140,0.2090),(459,3.2320,0.0000,0.1630,3.6106),(460,0.3343,0.0049,0.0000,0.0000),(461,0.3123,0.0000,0.1140,1.6051),(462,5.0117,0.0000,0.1323,1.1133),(463,5.8136,0.0000,0.1423,1.0900),(464,18.4408,0.0000,0.1970,0.6615),(465,7.8043,0.0000,0.1590,0.5731),(466,4.1247,0.0000,0.0160,2.7266),(467,5.7977,0.0000,0.1629,1.2267),(468,5.5792,0.0000,0.1370,1.9459),(469,2.8258,0.0000,0.0450,0.5285),(470,0.4408,0.0000,0.0000,0.0000),(471,0.0103,0.0000,0.0000,0.0000),(472,0.0315,0.0000,0.0000,0.0000),(473,0.0000,0.0278,0.0000,0.0000),(474,0.0423,0.0000,0.0000,0.0000),(475,0.0063,0.0000,0.0000,0.0000),(476,0.0000,0.0000,0.0000,0.0000),(477,0.0000,0.0000,0.0000,0.0000),(478,0.0178,0.0241,0.0000,0.0000),(479,0.0829,0.0000,0.0000,0.0000),(480,0.0712,0.0000,0.0000,0.0000),(481,0.0901,0.0000,0.0000,0.0000),(482,0.0927,0.0000,0.0000,0.0000),(483,0.0880,0.0000,0.0000,0.0000),(484,2.1605,0.0000,0.0640,0.5875),(485,1.2899,0.0000,0.0890,3.0517),(486,1.8054,0.0000,0.0000,0.0000),(487,0.4491,0.0000,0.0920,1.4848),(488,1.4590,0.0000,0.0290,0.3244),(489,1.6791,0.0000,0.0260,0.7883),(490,1.6611,0.0000,0.0412,0.9389),(491,0.6479,0.0000,0.0110,7.9585),(492,0.0000,0.0000,0.0000,0.0000),(493,0.2520,0.0000,0.0000,0.0000),(494,0.1216,0.0000,0.0000,0.0000),(495,0.7710,0.0000,0.1750,0.0000),(496,0.6405,0.0142,0.1410,0.3615),(497,0.8471,0.0205,0.1920,0.0704),(498,0.0887,0.0210,0.1310,0.0000),(499,0.2899,0.0000,0.0840,0.0000),(500,0.0000,0.0011,0.0000,0.0000),(501,1.2009,0.0000,0.0132,0.3564),(502,0.4268,0.0000,0.0000,0.0000),(503,0.5893,0.0000,0.0000,0.0000),(504,0.1531,0.0000,0.0000,0.0000),(505,0.1429,0.0000,0.0000,0.0000),(506,0.1088,0.0000,0.0000,0.0000),(507,0.0604,0.0074,0.0000,0.0000),(508,0.0401,0.0000,0.0000,0.0000),(509,0.2737,0.0000,0.1133,0.7598),(510,0.2171,0.0000,0.0000,0.0000),(511,0.0113,0.0000,0.0530,0.0000),(512,3.8229,0.0000,0.0400,0.5153),(513,100.5241,0.0000,0.0000,0.0000),(514,0.3961,0.0000,0.0000,0.0000),(515,2.3492,0.4000,0.0000,0.0000),(516,234.3152,0.0000,0.0000,0.0000),(517,399.4320,0.0000,0.0000,0.0000),(518,50.2421,0.0000,0.0000,0.0000),(519,325.6000,0.0000,0.0000,0.0000),(520,15.6666,0.0000,0.0350,0.0000),(521,13.4718,0.0000,0.0230,0.0000),(522,1.0970,0.0000,0.2590,0.0000),(523,0.4429,0.0000,0.1560,0.0000),(524,7.8683,0.0000,0.0410,0.0800),(525,3.0489,0.0000,0.0910,0.0000),(526,16.2173,0.0000,0.0320,0.0000),(527,0.9330,0.0000,0.0060,0.0000),(528,0.4763,0.0000,0.0333,0.0000),(529,0.8287,0.0000,0.0794,0.3680),(530,0.5886,0.0000,0.0180,0.0000),(531,0.8479,0.0407,0.0164,0.0000),(532,0.1210,0.0477,0.0046,0.0000),(533,2.4767,0.0000,0.0020,0.0000),(534,2.3571,0.0000,0.0180,0.0000),(535,13.4429,0.1028,0.0059,0.0000),(536,0.2877,0.0000,0.0250,0.0000),(537,1.2285,0.0000,0.0526,0.2763),(538,0.9946,0.0000,0.0369,0.2822),(539,3.6507,0.0000,0.0216,0.0877),(540,2.7822,0.0000,0.0192,0.0000),(541,0.2881,0.0528,0.0161,0.0809),(542,0.0894,0.0000,0.0027,0.0000),(543,4.0670,0.0000,0.0289,0.0000),(544,2.4661,0.0000,0.0104,0.0000),(545,2.2843,0.0000,0.0109,0.0000),(546,0.0251,0.2935,0.0006,0.0000),(547,2.4835,0.0926,0.0134,0.0000),(548,2.1562,0.0000,0.0139,14.6367),(549,0.0119,0.1622,0.0021,0.0000),(550,13.4906,0.0000,0.0018,0.0000),(551,1.5752,0.0000,0.0605,0.7527),(552,0.0513,0.4640,0.0006,0.0000),(553,0.2563,0.0000,0.0414,0.0000),(554,8.7985,0.0000,0.0750,0.0000),(555,3.4553,0.0000,0.0828,0.1017),(556,7.9376,0.0000,0.0058,0.0000),(557,0.0000,0.0000,0.0870,0.0000),(558,3.7573,0.0000,0.0974,0.0000),(559,0.0000,0.1244,0.0000,0.0000),(560,3.7211,0.0000,0.0010,0.0000),(561,0.0176,0.0000,0.0010,0.0000),(562,0.0000,0.0000,0.0020,0.0000),(563,0.0098,0.0000,0.0020,0.0000),(564,0.1031,0.0000,0.0070,0.0000),(565,0.0052,0.0000,0.0010,0.0000),(566,0.2458,0.0000,0.0030,0.0000),(567,0.0185,0.0000,0.0010,0.0000),(568,0.0000,0.0000,0.0020,0.0000),(569,0.0069,0.0000,0.0010,0.0000),(570,0.1365,0.0000,0.0040,0.0000),(571,0.0208,0.0000,0.0020,0.0000),(572,0.2411,0.0000,0.0060,0.0000),(573,0.0146,0.0000,0.0010,0.0000),(574,0.0976,0.0000,0.0030,0.0000),(575,0.0519,0.0000,0.0090,0.0000),(576,0.0162,0.0147,0.0060,0.0000),(577,0.0118,0.0000,0.0010,0.0000),(578,0.0000,0.0000,0.0010,0.0000),(579,1.6684,0.0000,0.0410,0.0000),(580,0.1635,0.0000,0.0508,0.0000),(581,0.0575,0.0000,0.0000,0.0000),(582,0.5653,0.0000,0.0020,0.0000),(583,0.8347,0.0921,0.0330,0.0000),(584,0.0121,0.0000,0.0040,0.0000),(585,0.0329,0.2497,0.0120,0.0000),(586,18.0876,0.0000,0.0040,0.0000),(587,2.7852,0.0000,0.0480,0.0000),(588,1.2500,0.0000,0.0770,0.0000),(589,0.0065,0.0000,0.1530,0.0000),(590,0.1532,0.0249,0.3000,0.0000),(591,0.0000,0.0000,0.0314,0.0000),(592,0.1246,0.0000,0.0000,0.0000),(593,0.0257,0.0000,0.0780,0.0000),(594,0.0867,0.0000,0.0420,0.0000),(595,0.0086,0.2769,0.0030,0.0000),(596,0.0091,0.0218,0.0307,0.0000),(597,0.0457,0.0000,0.0560,0.0000);
/*!40000 ALTER TABLE `ALIMENTOSAcres` ENABLE KEYS */;
UNLOCK TABLES;

--
-- Table structure for table `ALIMENTO_PRATO`
--

DROP TABLE IF EXISTS `ALIMENTO_PRATO`;
/*!40101 SET @saved_cs_client     = @@character_set_client */;
/*!40101 SET character_set_client = utf8 */;
CREATE TABLE `ALIMENTO_PRATO` (
  `CodigoPr` int(11) NOT NULL DEFAULT '0',
  `CodigoAlim` int(11) NOT NULL DEFAULT '0',
  `QuantAlim` double DEFAULT NULL,
  PRIMARY KEY (`CodigoPr`,`CodigoAlim`),
  KEY `fk_ALIMENTO_idx` (`CodigoAlim`),
  CONSTRAINT `fk_ALIMENTO` FOREIGN KEY (`CodigoAlim`) REFERENCES `ALIMENTOS` (`CodigoAlim`) ON DELETE CASCADE ON UPDATE CASCADE,
  CONSTRAINT `fk_PRATO` FOREIGN KEY (`CodigoPr`) REFERENCES `PRATOS` (`CodigoPr`) ON DELETE CASCADE ON UPDATE CASCADE
) ENGINE=InnoDB DEFAULT CHARSET=latin1;
/*!40101 SET character_set_client = @saved_cs_client */;

--
-- Dumping data for table `ALIMENTO_PRATO`
--

LOCK TABLES `ALIMENTO_PRATO` WRITE;
/*!40000 ALTER TABLE `ALIMENTO_PRATO` DISABLE KEYS */;
INSERT INTO `ALIMENTO_PRATO` VALUES (1,458,150),(1,492,4),(1,511,3),(1,599,40),(2,53,50),(2,264,2),(3,188,40),(3,492,4),(3,599,150),(4,19,30),(4,458,110),(4,459,5),(4,492,8),(4,590,10),(5,458,150),(5,491,6),(6,8,25),(7,13,25),(8,182,40),(9,222,80),(10,7,4),(10,163,40),(10,458,200),(10,492,5),(11,7,15),(11,182,25),(11,222,25),(11,226,25),(11,458,200),(12,35,25),(12,89,11),(12,98,6),(12,212,10),(12,272,4),(12,489,11),(12,492,10),(12,513,0.5),(13,35,27),(13,110,30),(13,272,7),(13,489,10),(13,492,10),(13,513,0.7),(14,35,27),(14,182,21),(14,264,2),(14,458,13),(14,489,10),(14,492,13),(14,513,0.7),(14,600,0.3),(15,4,25),(15,458,130),(15,459,20),(15,492,11),(15,590,10),(15,600,0.4),(16,7,5),(16,182,50),(16,212,80),(16,222,50),(16,226,40),(16,459,10),(16,599,140),(16,601,70),(17,71,10),(17,82,1.5),(17,272,2),(18,71,10),(18,82,1),(18,107,2),(18,110,10),(18,272,5),(18,409,20),(18,489,10),(18,513,0.7),(18,516,0.4),(18,602,2),(19,82,1),(19,92,20),(19,107,2),(19,272,5),(19,372,20),(19,516,0.7),(19,602,2),(20,450,115),(21,82,1),(21,101,10),(21,110,5),(21,272,5),(21,409,25),(21,516,0.7),(21,602,2),(22,43,34),(22,82,2),(22,87,15),(22,107,10),(22,162,20),(22,272,3),(22,372,28),(22,516,0.8),(22,602,3),(22,603,0.3),(23,43,37),(23,82,2),(23,98,20),(23,107,10),(23,115,8),(23,158,3),(23,272,4),(23,327,22),(23,516,0.8),(23,602,3),(23,603,0.3),(24,43,15),(24,82,1.5),(24,107,5),(24,115,10),(24,272,3),(24,516,0.9),(24,602,3),(25,42,5),(25,44,35),(25,67,30),(25,82,2),(25,107,5),(25,272,4),(25,458,25),(25,516,0.9),(25,602,3),(26,451,115),(27,82,2),(27,107,10),(27,110,20),(27,149,20),(27,272,3.5),(27,372,30),(27,516,0.9),(27,602,5),(27,603,0.2),(27,604,40),(28,82,2),(28,107,10),(28,121,10),(28,272,3),(28,489,10),(28,516,0.8),(28,562,20),(29,452,115),(30,82,2),(30,272,3),(30,516,0.7),(30,568,20),(31,82,2),(31,107,10),(31,115,10),(31,121,27),(31,214,25),(31,272,2),(31,329,12),(31,421,5),(31,489,3),(31,516,0.6),(31,562,27),(31,602,5),(32,82,0.7),(32,103,10),(32,107,2),(32,272,3),(32,327,20),(32,516,0.7),(32,602,2),(33,606,115),(34,601,115),(35,82,1.5),(35,107,12),(35,130,35),(35,272,3.5),(35,372,30),(35,516,0.9),(35,602,5),(35,603,0.3),(36,35,15),(36,82,1),(36,107,5),(36,157,15),(36,158,4),(36,162,5),(36,272,7),(36,409,25),(36,458,25),(36,462,4),(36,489,10),(36,513,0.7),(36,516,0.8),(36,602,5),(37,170,40),(37,492,4),(37,599,150),(38,258,40),(38,492,4),(38,599,150),(39,188,40),(39,492,4),(39,599,160),(40,234,40),(40,492,4),(40,599,150),(41,164,40),(41,599,150),(42,230,40),(42,492,4),(42,599,160),(43,515,20),(43,599,100),(44,4,38),(44,82,2),(44,107,15),(44,110,20),(44,162,30),(44,272,3),(44,489,10),(44,516,0.7),(45,4,35),(45,82,1.5),(45,272,3.5),(45,516,0.5),(46,4,35),(46,82,2),(46,107,10),(46,110,15),(46,144,10),(46,157,5),(46,272,4),(46,516,0.7),(46,602,3),(47,74,20),(47,111,20),(47,516,0.7),(48,4,40),(48,82,1.5),(48,101,20),(48,107,10),(48,144,5),(48,272,3.5),(48,516,0.8),(48,602,4),(49,13,30),(49,262,5),(50,79,25),(50,157,20),(51,214,90),(52,515,20),(52,599,100),(53,82,1),(53,92,20),(53,107,2),(53,262,5),(53,272,5),(53,409,15),(53,458,10),(53,516,0.7),(53,602,2),(54,226,100),(55,4,40),(55,82,1.5),(55,107,8),(55,144,3),(55,156,8),(55,272,3),(55,462,2),(55,516,0.9),(55,602,4),(56,110,20),(57,4,40),(57,82,1.5),(57,107,12),(57,115,30),(57,241,4),(57,272,3),(57,516,0.9),(57,602,10),(58,35,12),(58,82,1.5),(58,107,10),(58,158,3),(58,272,5),(58,327,12),(58,489,3),(58,516,0.8),(58,602,5),(59,82,1.5),(59,92,35),(59,107,10),(59,144,5),(59,157,5),(59,272,4),(59,327,25),(59,516,0.9),(59,602,3),(60,33,20),(60,82,2),(60,107,15),(60,110,20),(60,144,10),(60,272,1),(60,319,30),(60,516,0.5),(60,602,3),(61,35,2),(61,82,2),(61,107,15.5),(61,158,3),(61,264,2),(61,272,0.5),(61,409,30),(61,458,50),(61,516,1.3),(61,603,0.2),(62,33,45),(62,82,2),(62,107,15),(62,115,20),(62,272,3),(62,329,22),(62,489,15),(62,516,0.8),(62,602,10),(63,82,1.5),(63,84,30),(63,272,2),(64,82,1.5),(64,272,3),(64,516,0.8),(64,562,25),(65,82,1.5),(65,272,3),(65,516,0.8),(65,562,25),(66,74,30),(66,110,25),(67,92,40),(67,108,1),(67,272,1),(67,516,0.9),(68,82,0.7),(68,107,2),(68,157,15),(68,272,5),(68,327,20),(68,516,0.7),(68,602,2),(69,82,0.5),(69,113,10),(69,272,2),(69,516,0.5),(70,182,25),(70,492,2),(70,600,0.2),(71,36,20),(71,458,200),(72,235,100),(73,82,1.5),(73,107,15),(73,114,2),(73,157,20),(73,175,30),(73,272,4),(73,516,0.9),(73,602,3),(73,603,0.3),(74,7,36),(74,458,200),(74,492,10),(75,13,30),(75,468,4),(76,8,30),(76,468,4),(77,163,80),(78,65,60),(78,107,2),(78,272,1),(78,516,1),(79,82,1.5),(79,92,55),(79,107,10),(79,264,2),(79,272,3),(79,458,15),(79,516,0.8),(79,603,0.3),(80,79,30),(81,82,1.5),(81,107,8),(81,144,5),(81,147,25),(81,157,12),(81,272,4),(81,327,18),(81,516,0.9),(82,82,1.5),(82,107,8),(82,126,25),(82,272,4),(82,327,22),(82,516,0.9),(82,598,15),(82,602,7),(83,67,75),(83,82,2),(83,107,10),(83,157,20),(83,158,3),(83,272,4),(83,516,0.8),(83,602,5),(83,603,0.2),(84,458,80),(84,492,6),(85,189,85),(86,164,60),(87,251,100),(88,236,70),(89,242,110),(90,84,30),(91,212,150),(92,219,160),(93,202,40),(93,492,4),(93,599,150),(94,75,30),(95,82,0.7),(95,110,32),(95,113,32),(95,272,3),(95,516,0.7),(96,84,15),(96,157,15),(97,74,15),(97,75,15),(98,75,15),(98,79,15),(99,75,15),(99,84,15),(100,98,20),(100,602,5),(101,98,20),(101,110,15),(102,98,20),(102,162,15),(103,115,20),(104,44,15),(104,92,25),(104,110,10),(104,162,15),(104,516,0.9),(104,560,15),(105,82,1.5),(105,147,30),(105,272,3.5),(105,516,0.7),(106,149,20),(106,157,25),(107,157,25),(107,560,15),(108,110,30),(108,162,30),(108,516,1),(109,107,10),(109,144,15),(109,157,25),(110,115,20),(110,157,25),(110,560,15),(111,82,1.5),(111,107,8),(111,272,7),(111,409,25),(111,516,0.9),(111,598,15),(111,602,3),(112,82,1.5),(112,107,7),(112,327,25),(112,516,0.9),(112,598,15),(112,602,3),(113,35,20),(113,82,1.5),(113,107,10),(113,110,15),(113,144,10),(113,149,10),(113,158,6),(113,162,10),(113,272,3.5),(113,409,25),(113,516,0.9),(114,82,1.5),(114,107,10),(114,272,3.5),(114,329,30),(114,516,0.9),(114,602,3),(115,82,1.5),(115,272,3.5),(115,436,30),(115,516,0.7),(115,602,3),(116,82,1.5),(116,157,20),(116,158,10),(116,272,4),(116,399,20),(116,516,0.8),(116,602,3),(116,603,5),(117,35,20),(117,43,20),(117,82,1.5),(117,272,4),(117,302,60),(117,516,0.7),(118,515,20),(118,599,100),(119,515,20),(119,599,100),(120,515,20),(120,599,100),(121,89,40),(121,107,2),(121,272,1),(121,516,1),(122,117,35),(122,262,6),(122,463,10),(122,468,10),(122,516,1),(122,599,100),(123,92,20),(123,101,20),(123,262,5),(123,516,1),(124,126,60),(124,262,5),(124,458,10),(124,516,1),(125,14,40),(125,458,15),(125,489,20),(126,14,40),(126,458,15),(126,489,20),(127,35,20),(127,43,10),(127,272,10),(127,458,10),(127,462,10),(127,489,25),(127,492,10),(127,513,1),(128,14,40),(128,458,15),(128,489,20),(129,182,25),(129,222,25),(129,458,200),(130,7,15),(130,182,25),(130,458,200),(131,111,20),(131,157,20),(131,516,0.7),(132,115,20),(132,157,20),(132,516,0.7),(133,142,20),(133,157,20),(133,516,0.7),(134,74,10),(134,98,20),(134,516,0.7),(135,74,20),(135,79,20),(135,516,0.7),(136,107,1),(136,158,10),(136,272,2),(136,399,200),(136,516,1),(137,113,20),(137,117,20),(137,516,0.7),(138,149,20),(138,516,0.5),(139,142,20),(139,149,10),(139,157,20),(139,516,0.7),(140,82,1),(140,107,5),(140,272,4),(140,433,30),(140,516,0.7);
/*!40000 ALTER TABLE `ALIMENTO_PRATO` ENABLE KEYS */;
UNLOCK TABLES;

--
-- Table structure for table `CARDAPIOS`
--

DROP TABLE IF EXISTS `CARDAPIOS`;
/*!40101 SET @saved_cs_client     = @@character_set_client */;
/*!40101 SET character_set_client = utf8 */;
CREATE TABLE `CARDAPIOS` (
  `CodigoC` int(11) NOT NULL AUTO_INCREMENT,
  `NomeC` varchar(50) NOT NULL,
  `FuncObjCusto` double NOT NULL,
  `FuncObjErroNut` double NOT NULL,
  `QuantDias` int(11) NOT NULL,
  PRIMARY KEY (`CodigoC`),
  KEY `CodigoR` (`QuantDias`),
  CONSTRAINT `fk_CARDAPIOS_1` FOREIGN KEY (`CodigoC`) REFERENCES `REFEICOES` (`CodigoR`) ON DELETE CASCADE ON UPDATE CASCADE
) ENGINE=InnoDB DEFAULT CHARSET=latin1;
/*!40101 SET character_set_client = @saved_cs_client */;

--
-- Dumping data for table `CARDAPIOS`
--

LOCK TABLES `CARDAPIOS` WRITE;
/*!40000 ALTER TABLE `CARDAPIOS` DISABLE KEYS */;
/*!40000 ALTER TABLE `CARDAPIOS` ENABLE KEYS */;
UNLOCK TABLES;

--
-- Table structure for table `PRATOS`
--

DROP TABLE IF EXISTS `PRATOS`;
/*!40101 SET @saved_cs_client     = @@character_set_client */;
/*!40101 SET character_set_client = utf8 */;
CREATE TABLE `PRATOS` (
  `CodigoPr` int(11) NOT NULL AUTO_INCREMENT,
  `NomePr` varchar(50) NOT NULL,
  `TipoPr` varchar(30) DEFAULT NULL,
  `ConsistenciaPr` varchar(2) DEFAULT NULL,
  `CorPr` varchar(10) DEFAULT NULL,
  PRIMARY KEY (`CodigoPr`)
) ENGINE=InnoDB AUTO_INCREMENT=141 DEFAULT CHARSET=latin1;
/*!40101 SET character_set_client = @saved_cs_client */;

--
-- Dumping data for table `PRATOS`
--

LOCK TABLES `PRATOS` WRITE;
/*!40000 ALTER TABLE `PRATOS` DISABLE KEYS */;
INSERT INTO `PRATOS` VALUES (1,'Café com Leite','Laticínios','LP','Marrom'),(2,'Pão com Margarina','Pão/Cereal','SS','Amarelo'),(3,'Goiaba Vermelha','Fruta','SS','Vermelho'),(4,'Canjica com Coco Ralado','Sobremesa','LP','Branco'),(5,'Leite Achocolatado','Laticínios','LP','Marrom'),(6,'Biscoito Maisena','Pão/Cereal','SS','Amarelo'),(7,'Biscoito Cream Cracker','Pão/Cereal','SS','Amarelo'),(8,'Banana','Fruta','SS','Amarelo'),(9,'Maçã','Fruta','SS','Vermelho'),(10,'Vitamina de Abacate','Laticínios','LP','Verde'),(11,'Vitamina de Banana, maça, mamão e aveia','Laticínios','LP','Laranja'),(12,'Bolo Nutritivo','Pão/Cereal','SS','Marrom'),(13,'Bolo de Cenoura','Pão/Cereal','SS','Laranja'),(14,'Bolo de Banana','Pão/Cereal','SS','Amarelo'),(15,'Arroz Doce com Coco','Sobremesa','LP','Branco'),(16,'Salada de Frutas','Sobremesa','SS','Laranja'),(17,'Abobrinha Refogada','Guarnição','SS','Verde'),(18,'Omelete de Forno','Principal','SS','Amarelo'),(19,'Carne Bovina em pedaços com batata','Principal','SS','Marrom'),(20,'Iogurte de Abacaxi','Laticínios','LP','Branco'),(21,'Frango Colorido','Principal','SS','Laranja'),(22,'Polenta à Jardineira','Principal','LP','Amarelo'),(23,'Polenta à Bolonhesa','Principal','LP','Amarelo'),(24,'Bambá de Couve','Guarnição','LP','Amarelo'),(25,'Creme de Abóbora com Milho Verde','Guarnição','LP','Laranja'),(26,'Iogurte de Morango','Laticínios','LP','Vermelho'),(27,'Canjiquinha com Músculo e Hortaliças','Principal','LP','Amarelo'),(28,'Tutu de Feijão Carioca','Feijão','LP','Marrom'),(29,'Iogurte de Pessego','Laticínios','LP','Amarelo'),(30,'Feijão Preto Simples','Feijão','SS','Marrom'),(31,'Feijão Tropeiro Carioca','Feijão','SS','Marrom'),(32,'Carne moída com Cará','Principal','SS','Marrom'),(33,'Iogurte de Maça-Verde','Laticínios','LP','Verde'),(34,'Iogurte de Coco','Laticínios','LP','Branco'),(35,'Vaca Atolada','Principal','LP','Amarelo'),(36,'Torta Colorida de Frango, Tomate e Vagem','Principal','SS','Laranja'),(37,'Suco Polpa de Acerola','Suco','LP','Laranja'),(38,'Suco Concentrado de Uva','Suco','LP','Roxo'),(39,'Suco Concentrado de Caju','Suco','LP','Amarelo'),(40,'Suco Concentrado de Maracujá','Suco','LP','Amarelo'),(41,'Suco Natural de Abacaxi','Suco','LP','Amarelo'),(42,'Suco Polpa de Manga','Suco','LP','Amarelo'),(43,'Gelatina de Morango','Sobremesa','SS','Vermelho'),(44,'Arroz à Grega','Arroz','SS','Laranja'),(45,'Arroz Simples','Arroz','SS','Branco'),(46,'Arroz Colorido','Arroz','SS','Roxo'),(47,'Salada de Acelga com chicória','Entrada','SS','Verde'),(48,'Arroz com Brócolis','Arroz','SS','Branco'),(49,'Biscoito Cream Cracker com Manteiga','Pão/Cereal','SS','Amarelo'),(50,'Salada de Alface com Tomate','Entrada','SS','Verde'),(51,'Laranja','Fruta','SS','Amarelo'),(52,'Gelatina de Limão','Sobremesa','SS','Verde'),(53,'Escondidinho de Frango','Principal','SS','Amarelo'),(54,'Mamão','Fruta','SS','Laranja'),(55,'Arroz com Taioba','Arroz','SS','Verde'),(56,'Salada de Cenoura','Entrada','SS','Laranja'),(57,'Arroz Verde e Amarelo','Arroz','SS','Verde'),(58,'Almôndegas ao Molho','Principal','SS','Vermelho'),(59,'Carne moída com Batatas','Principal','SS','Marrom'),(60,'Cuscuz com Sardinha','Principal','SS','Amarelo'),(61,'Estrogonofe de Frango','Principal','SS','Vermelho'),(62,'Farofa','Guarnição','SS','Amarelo'),(63,'Almeirão Refogado','Guarnição','SS','Verde'),(64,'Feijão Carioca Simples','Feijão','SS','Marrom'),(65,'Feijão Carioca Batido','Feijão','LP','Marrom'),(66,'Salada de Acelga e Cenoura','Entrada','SS','Verde'),(67,'Batata Rústica','Guarnição','SS','Amarelo'),(68,'Rocambole de Carne Moída com Tomate','Principal','SS','Marrom'),(69,'Chuchu Refogado','Guarnição','SS','Verde'),(70,'Banana Caramelizada','Sobremesa','SS','Amarelo'),(71,'Leite com Farinha Láctea','Laticínios','LP','Branco'),(72,'Melancia','Fruta','SS','Vermelho'),(73,'Moqueca de Banana','Guarnição','LP','Amarelo'),(74,'Mingau de Aveia','Laticínios','LP','Branco'),(75,'Biscoito Cream Cracker com Requijão','Pão/Cereal','SS','Amarelo'),(76,'Biscoito Maisena com Requeijão','Pão/Cereal','SS','Amarelo'),(77,'Abacate','Fruta','SS','Verde'),(78,'Abóbora Cabotiá Refogada','Guarnição','SS','Laranja'),(79,'Purê de Batata','Guarnição','LP','Branco'),(80,'Salada de Alface','Entrada','SS','Verde'),(81,'Carne moída com Quiabo','Principal','SS','Laranja'),(82,'Quibe de Forno','Principal','SS','Marrom'),(83,'Quibebe','Guarnição','LP','Laranja'),(84,'Leite Caramelado','Laticínios','LP','Marrom'),(85,'Caqui','Fruta','SS','Vermelho'),(86,'Abacaxi','Fruta','SS','Amarelo'),(87,'Tangerina','Fruta','SS','Laranja'),(88,'Melão','Fruta','SS','Amarelo'),(89,'Pêra','Fruta','SS','Verde'),(90,'Salada de Almeirão','Entrada','SS','Verde'),(91,'Suco Natural de Laranja','Suco','LP','Amarelo'),(92,'Suco Natural de limão','Suco','LP','Branco'),(93,'Suco Polpa de Graviola','Suco','LP','Branco'),(94,'Salada de Agrião','Entrada','SS','Verde'),(95,'Cenoura e Chuchu','Guarnição','SS','Laranja'),(96,'Salada de Almeirão com Tomate','Entrada','SS','Verde'),(97,'Salada de Acelga com Agrião','Entrada','SS','Verde'),(98,'Salada de Alface com Agrião','Entrada','SS','Verde'),(99,'Salada de Almeirão com Agrião','Entrada','SS','Verde'),(100,'Beterraba com Cheiro Verde','Entrada','SS','Roxo'),(101,'Beterraba com Cenoura','Entrada','SS','Roxo'),(102,'Beterraba com Vagem','Entrada','SS','Roxo'),(103,'Salada de Couve','Entrada','SS','Verde'),(104,'Jardineira de Legumes','Guarnição','SS','Laranja'),(105,'Quiabo Refogado','Guarnição','SS','Verde'),(106,'Salada de Repolho com Tomate','Entrada','SS','Verde'),(107,'Salada de Tomate com Ervilha','Entrada','SS','Vermelho'),(108,'Cenoura com Vagem ','Guarnição','SS','Laranja'),(109,'Salada de Tomate, Cebola e Pimentão','Entrada','SS','Vermelho'),(110,'Salada de Tomate, Ervilha e Couve','Entrada','SS','Vermelho'),(111,'Quibe de Frango','Principal','SS','Marrom'),(112,'Quibe de Carne','Principal','SS','Marrom'),(113,'Frango Xadrez','Principal','SS','Marrom'),(114,'Bife Bovino com Cebola','Principal','SS','Marrom'),(115,'Bife Suíno','Principal','SS','Amarelo'),(116,'Frango Ensopado','Principal','SS','Vermelho'),(117,'Peixe à Milanesa','Principal','SS','Amarelo'),(118,'Gelatina de Abacaxi','Sobremesa','SS','Amarelo'),(119,'Gelatina de Framboesa','Sobremesa','SS','Vermelho'),(120,'Gelatina de Uva','Sobremesa','SS','Roxo'),(121,'Batata Doce Refogada','Guarnição','SS','Amarelo'),(122,'Couve-flor Gratinada','Guarnição','SS','Branco'),(123,'Legumes Sauté (Batata e Brócolis)','Guarnição','SS','Amarelo'),(124,'Purê de Inhame','Guarnição','LP','Branco'),(125,'Bolo de Baunilha','Pão/Cereal','SS','Amarelo'),(126,'Bolo de Chocolate','Pão/Cereal','SS','Marrom'),(127,'Bolo de Fubá com queijo','Pão/Cereal','SS','Amarelo'),(128,'Bolo de Laranja','Pão/Cereal','SS','Amarelo'),(129,'Vitamina de Banana e maça','Laticínios','LP','Branco'),(130,'Vitamina de Banana e aveia','Laticínios','LP','Branco'),(131,'Salada de Chicória com Tomate','Entrada','SS','V'),(132,'Salada de Couve com tomate','Entrada','SS','Verde'),(133,'Salada de Pepino com Tomate','Entrada','SS','Vermelho'),(134,'Beterraba com Acelga','Entrada','SS','Roxo'),(135,'Salada de Acelga com Alface','Entrada','SS','Verde'),(136,'Coxa ao molho','Principal','SS','Vermelho'),(137,'Salada de Couve-flor com Chuchu','Entrada','SS','Verde'),(138,'Salada de Repolho','Entrada','SS','Verde'),(139,'Salada de Repolho, tomate e pepino','Entrada','SS','Verde'),(140,'Iscas de Lombo suíno acebolada','Principal','SS','Vermelho');
/*!40000 ALTER TABLE `PRATOS` ENABLE KEYS */;
UNLOCK TABLES;

--
-- Table structure for table `PRATO_REFEICAO`
--

DROP TABLE IF EXISTS `PRATO_REFEICAO`;
/*!40101 SET @saved_cs_client     = @@character_set_client */;
/*!40101 SET character_set_client = utf8 */;
CREATE TABLE `PRATO_REFEICAO` (
  `CodigoR` int(11) NOT NULL AUTO_INCREMENT,
  `CodigoPr` int(11) NOT NULL,
  `id` int(11) NOT NULL,
  PRIMARY KEY (`CodigoR`,`CodigoPr`),
  KEY `CodigoR` (`CodigoR`),
  KEY `fk_PRATO_REFEICAO_1_idx` (`CodigoPr`),
  CONSTRAINT `fk_PRATO_REFEICAO_1` FOREIGN KEY (`CodigoPr`) REFERENCES `PRATOS` (`CodigoPr`) ON DELETE CASCADE ON UPDATE CASCADE,
  CONSTRAINT `fk_PRATO_REFEICAO_2` FOREIGN KEY (`CodigoR`) REFERENCES `REFEICOES` (`CodigoR`) ON DELETE CASCADE ON UPDATE CASCADE
) ENGINE=InnoDB DEFAULT CHARSET=latin1;
/*!40101 SET character_set_client = @saved_cs_client */;

--
-- Dumping data for table `PRATO_REFEICAO`
--

LOCK TABLES `PRATO_REFEICAO` WRITE;
/*!40000 ALTER TABLE `PRATO_REFEICAO` DISABLE KEYS */;
/*!40000 ALTER TABLE `PRATO_REFEICAO` ENABLE KEYS */;
UNLOCK TABLES;

--
-- Table structure for table `REFEICAO_CARDAPIO`
--

DROP TABLE IF EXISTS `REFEICAO_CARDAPIO`;
/*!40101 SET @saved_cs_client     = @@character_set_client */;
/*!40101 SET character_set_client = utf8 */;
CREATE TABLE `REFEICAO_CARDAPIO` (
  `CodigoC` int(11) NOT NULL,
  `CodigoR` int(11) NOT NULL AUTO_INCREMENT,
  PRIMARY KEY (`CodigoR`,`CodigoC`),
  KEY `fk_REFEICAO_CARDAPIO_2_idx` (`CodigoC`),
  CONSTRAINT `fk_REFEICAO_CARDAPIO_1` FOREIGN KEY (`CodigoR`) REFERENCES `REFEICOES` (`CodigoR`) ON DELETE CASCADE ON UPDATE CASCADE,
  CONSTRAINT `fk_REFEICAO_CARDAPIO_2` FOREIGN KEY (`CodigoC`) REFERENCES `CARDAPIOS` (`CodigoC`) ON DELETE CASCADE ON UPDATE CASCADE
) ENGINE=InnoDB DEFAULT CHARSET=latin1;
/*!40101 SET character_set_client = @saved_cs_client */;

--
-- Dumping data for table `REFEICAO_CARDAPIO`
--

LOCK TABLES `REFEICAO_CARDAPIO` WRITE;
/*!40000 ALTER TABLE `REFEICAO_CARDAPIO` DISABLE KEYS */;
/*!40000 ALTER TABLE `REFEICAO_CARDAPIO` ENABLE KEYS */;
UNLOCK TABLES;

--
-- Table structure for table `REFEICOES`
--

DROP TABLE IF EXISTS `REFEICOES`;
/*!40101 SET @saved_cs_client     = @@character_set_client */;
/*!40101 SET character_set_client = utf8 */;
CREATE TABLE `REFEICOES` (
  `CodigoR` int(11) NOT NULL AUTO_INCREMENT,
  `NomeR` varchar(50) NOT NULL,
  `TipoR` int(11) NOT NULL,
  `ValorR` double NOT NULL,
  `CodigoRef` int(11) NOT NULL,
  PRIMARY KEY (`CodigoR`),
  CONSTRAINT `fk_REFEICOES_1` FOREIGN KEY (`CodigoR`) REFERENCES `PRATOS` (`CodigoPr`) ON DELETE CASCADE ON UPDATE CASCADE
) ENGINE=InnoDB DEFAULT CHARSET=latin1;
/*!40101 SET character_set_client = @saved_cs_client */;

--
-- Dumping data for table `REFEICOES`
--

LOCK TABLES `REFEICOES` WRITE;
/*!40000 ALTER TABLE `REFEICOES` DISABLE KEYS */;
/*!40000 ALTER TABLE `REFEICOES` ENABLE KEYS */;
UNLOCK TABLES;

--
-- Table structure for table `REFERENCIA`
--

DROP TABLE IF EXISTS `REFERENCIA`;
/*!40101 SET @saved_cs_client     = @@character_set_client */;
/*!40101 SET character_set_client = utf8 */;
CREATE TABLE `REFERENCIA` (
  `CodigoRef` int(11) NOT NULL AUTO_INCREMENT,
  `CategoriaRef` varchar(45) NOT NULL,
  `IdadeRef` varchar(10) NOT NULL,
  `PorcentagemRef` varchar(5) NOT NULL,
  `EnergiaRef` double NOT NULL,
  `ProteinaRef` double NOT NULL,
  `LipideoRef` double NOT NULL,
  `CarboidratoRef` double NOT NULL,
  `FibraRef` double NOT NULL,
  `CalcioRef` double NOT NULL,
  `MagnesioRef` double NOT NULL,
  `FerroRef` double NOT NULL,
  `ZincoRef` double NOT NULL,
  `SodioRef` double NOT NULL,
  `VitCRef` double NOT NULL,
  `VitARef` double NOT NULL,
  `GSatRef` double NOT NULL,
  PRIMARY KEY (`CodigoRef`)
) ENGINE=InnoDB AUTO_INCREMENT=26 DEFAULT CHARSET=latin1;
/*!40101 SET character_set_client = @saved_cs_client */;

--
-- Dumping data for table `REFERENCIA`
--

LOCK TABLES `REFERENCIA` WRITE;
/*!40000 ALTER TABLE `REFERENCIA` DISABLE KEYS */;
INSERT INTO `REFERENCIA` VALUES (1,'Creche','7-11 meses','20%',135,4.2,3.4,21.9,0,54,15,2.2,0.6,0,0,0,0),(2,'Creche','1-3 anos','20%',200,6.3,5,32.5,3.8,100,16,1.4,0.6,0,0,0,0),(3,'Pre Escola','4-5 anos','20%',270,8.4,6.8,43.9,5,160,26,2,1,0,0,0,0),(4,'Creche','7-11 meses','30%',200,6.3,5,32.5,0,81,23,3.3,0.9,0,0,0,0),(5,'Creche','1-3 anos','30%',300,9.4,7.5,48.8,5.7,150,24,2.1,0.9,0,0,0,0),(6,'Pre Escola','4-5 anos','30%',400,12.5,10,65,7.5,240,39,3,1.5,0,0,0,0),(7,'Pre Escola','4-5 anos','70%',950,29.7,23.8,154.4,17.5,560,91,7,3.5,1400,19,280,10.5),(8,'Creche','7-11 meses','70%',450,14,11.3,73.1,0,189,54,7.7,2.1,0,0,0,0),(9,'Creche','1-3 anos','70%',700,21.9,17.5,114.9,13.3,350,56,4.9,2.1,0,0,0,0),(10,'Ensino Fundamental','6-10 anos','20%',300,9.4,7.5,48.8,5.4,210,37,1.8,1.3,0,0,0,0),(11,'Ensino Fundamental','6-10 anos ','30%',450,14,11.3,73.1,8,315,56,2.7,2,0,0,0,0),(12,'Ensino Fundamental','6-10 anos','70%',1000,31.2,25,162.5,18.7,735,131,6.3,4.7,0,0,0,0),(13,'','5','1',435,13.6,10.9,70.7,6.1,260,63,2.1,1.8,0,0,0,0),(14,'','5','2',650,20.3,16.3,105.6,9,390,95,3.2,2.7,0,0,0,0),(15,'','6','1',500,15.6,12.5,81.3,6.4,260,77,2.6,2,0,0,0,0),(16,'','6','2',750,23.4,18.8,121.8,9.6,390,116,3.9,3,0,0,0,0),(17,'','7','1',450,14,11.3,73.1,6.3,200,71,2.6,1.9,0,0,0,0),(18,'','8','1',435,13.6,10.9,70.3,5.7,220,74,2.1,1.9,0,0,0,0),(19,'','7','2',680,21.3,17,110.5,9.5,300,107,3.9,2.9,0,0,0,0),(20,'','8','2',650,20.3,16.3,105.6,8.5,330,111,3.2,2.9,0,0,0,0),(21,'','7','3',1600,52,40,260,22.1,700,250,9.1,6.8,0,0,0,0),(23,'','8','3',1500,46.9,37.5,243.8,20,770,259,7.5,6.8,0,0,0,0),(24,'','5','3',1500,46.9,37.5,243.8,21.1,910,222,7.5,6.3,0,0,0,0),(25,'','6','3',1700,50,42.5,276.3,22.4,910,271,9.1,7,0,0,0,0);
/*!40000 ALTER TABLE `REFERENCIA` ENABLE KEYS */;
UNLOCK TABLES;

--
-- Table structure for table `auth_group`
--

DROP TABLE IF EXISTS `auth_group`;
/*!40101 SET @saved_cs_client     = @@character_set_client */;
/*!40101 SET character_set_client = utf8 */;
CREATE TABLE `auth_group` (
  `id` int(11) NOT NULL AUTO_INCREMENT,
  `name` varchar(80) NOT NULL,
  PRIMARY KEY (`id`),
  UNIQUE KEY `name` (`name`)
) ENGINE=InnoDB DEFAULT CHARSET=utf8;
/*!40101 SET character_set_client = @saved_cs_client */;

--
-- Dumping data for table `auth_group`
--

LOCK TABLES `auth_group` WRITE;
/*!40000 ALTER TABLE `auth_group` DISABLE KEYS */;
/*!40000 ALTER TABLE `auth_group` ENABLE KEYS */;
UNLOCK TABLES;

--
-- Table structure for table `auth_group_permissions`
--

DROP TABLE IF EXISTS `auth_group_permissions`;
/*!40101 SET @saved_cs_client     = @@character_set_client */;
/*!40101 SET character_set_client = utf8 */;
CREATE TABLE `auth_group_permissions` (
  `id` int(11) NOT NULL AUTO_INCREMENT,
  `group_id` int(11) NOT NULL,
  `permission_id` int(11) NOT NULL,
  PRIMARY KEY (`id`),
  UNIQUE KEY `auth_group_permissions_group_id_permission_id_0cd325b0_uniq` (`group_id`,`permission_id`),
  KEY `auth_group_permissio_permission_id_84c5c92e_fk_auth_perm` (`permission_id`),
  CONSTRAINT `auth_group_permissio_permission_id_84c5c92e_fk_auth_perm` FOREIGN KEY (`permission_id`) REFERENCES `auth_permission` (`id`),
  CONSTRAINT `auth_group_permissions_group_id_b120cbf9_fk_auth_group_id` FOREIGN KEY (`group_id`) REFERENCES `auth_group` (`id`)
) ENGINE=InnoDB DEFAULT CHARSET=utf8;
/*!40101 SET character_set_client = @saved_cs_client */;

--
-- Dumping data for table `auth_group_permissions`
--

LOCK TABLES `auth_group_permissions` WRITE;
/*!40000 ALTER TABLE `auth_group_permissions` DISABLE KEYS */;
/*!40000 ALTER TABLE `auth_group_permissions` ENABLE KEYS */;
UNLOCK TABLES;

--
-- Table structure for table `auth_permission`
--

DROP TABLE IF EXISTS `auth_permission`;
/*!40101 SET @saved_cs_client     = @@character_set_client */;
/*!40101 SET character_set_client = utf8 */;
CREATE TABLE `auth_permission` (
  `id` int(11) NOT NULL AUTO_INCREMENT,
  `name` varchar(255) NOT NULL,
  `content_type_id` int(11) NOT NULL,
  `codename` varchar(100) NOT NULL,
  PRIMARY KEY (`id`),
  UNIQUE KEY `auth_permission_content_type_id_codename_01ab375a_uniq` (`content_type_id`,`codename`),
  CONSTRAINT `auth_permission_content_type_id_2f476e4b_fk_django_co` FOREIGN KEY (`content_type_id`) REFERENCES `django_content_type` (`id`)
) ENGINE=InnoDB AUTO_INCREMENT=25 DEFAULT CHARSET=utf8;
/*!40101 SET character_set_client = @saved_cs_client */;

--
-- Dumping data for table `auth_permission`
--

LOCK TABLES `auth_permission` WRITE;
/*!40000 ALTER TABLE `auth_permission` DISABLE KEYS */;
INSERT INTO `auth_permission` VALUES (1,'Can add log entry',1,'add_logentry'),(2,'Can change log entry',1,'change_logentry'),(3,'Can delete log entry',1,'delete_logentry'),(4,'Can view log entry',1,'view_logentry'),(5,'Can add permission',2,'add_permission'),(6,'Can change permission',2,'change_permission'),(7,'Can delete permission',2,'delete_permission'),(8,'Can view permission',2,'view_permission'),(9,'Can add group',3,'add_group'),(10,'Can change group',3,'change_group'),(11,'Can delete group',3,'delete_group'),(12,'Can view group',3,'view_group'),(13,'Can add user',4,'add_user'),(14,'Can change user',4,'change_user'),(15,'Can delete user',4,'delete_user'),(16,'Can view user',4,'view_user'),(17,'Can add content type',5,'add_contenttype'),(18,'Can change content type',5,'change_contenttype'),(19,'Can delete content type',5,'delete_contenttype'),(20,'Can view content type',5,'view_contenttype'),(21,'Can add session',6,'add_session'),(22,'Can change session',6,'change_session'),(23,'Can delete session',6,'delete_session'),(24,'Can view session',6,'view_session');
/*!40000 ALTER TABLE `auth_permission` ENABLE KEYS */;
UNLOCK TABLES;

--
-- Table structure for table `auth_user`
--

DROP TABLE IF EXISTS `auth_user`;
/*!40101 SET @saved_cs_client     = @@character_set_client */;
/*!40101 SET character_set_client = utf8 */;
CREATE TABLE `auth_user` (
  `id` int(11) NOT NULL AUTO_INCREMENT,
  `password` varchar(128) NOT NULL,
  `last_login` datetime(6) DEFAULT NULL,
  `is_superuser` tinyint(1) NOT NULL,
  `username` varchar(150) NOT NULL,
  `first_name` varchar(30) NOT NULL,
  `last_name` varchar(150) NOT NULL,
  `email` varchar(254) NOT NULL,
  `is_staff` tinyint(1) NOT NULL,
  `is_active` tinyint(1) NOT NULL,
  `date_joined` datetime(6) NOT NULL,
  PRIMARY KEY (`id`),
  UNIQUE KEY `username` (`username`)
) ENGINE=InnoDB AUTO_INCREMENT=2 DEFAULT CHARSET=utf8;
/*!40101 SET character_set_client = @saved_cs_client */;

--
-- Dumping data for table `auth_user`
--

LOCK TABLES `auth_user` WRITE;
/*!40000 ALTER TABLE `auth_user` DISABLE KEYS */;
INSERT INTO `auth_user` VALUES (1,'pbkdf2_sha256$120000$GGaDcUzQxFrp$S5VC5hZXeRsnb2CjLlqpYFbcqx1bBj/OBHb4HMKQPpQ=','2018-09-03 17:12:28.209325',1,'rafa','','','',1,1,'2018-09-03 17:12:11.572018');
/*!40000 ALTER TABLE `auth_user` ENABLE KEYS */;
UNLOCK TABLES;

--
-- Table structure for table `auth_user_groups`
--

DROP TABLE IF EXISTS `auth_user_groups`;
/*!40101 SET @saved_cs_client     = @@character_set_client */;
/*!40101 SET character_set_client = utf8 */;
CREATE TABLE `auth_user_groups` (
  `id` int(11) NOT NULL AUTO_INCREMENT,
  `user_id` int(11) NOT NULL,
  `group_id` int(11) NOT NULL,
  PRIMARY KEY (`id`),
  UNIQUE KEY `auth_user_groups_user_id_group_id_94350c0c_uniq` (`user_id`,`group_id`),
  KEY `auth_user_groups_group_id_97559544_fk_auth_group_id` (`group_id`),
  CONSTRAINT `auth_user_groups_group_id_97559544_fk_auth_group_id` FOREIGN KEY (`group_id`) REFERENCES `auth_group` (`id`),
  CONSTRAINT `auth_user_groups_user_id_6a12ed8b_fk_auth_user_id` FOREIGN KEY (`user_id`) REFERENCES `auth_user` (`id`)
) ENGINE=InnoDB DEFAULT CHARSET=utf8;
/*!40101 SET character_set_client = @saved_cs_client */;

--
-- Dumping data for table `auth_user_groups`
--

LOCK TABLES `auth_user_groups` WRITE;
/*!40000 ALTER TABLE `auth_user_groups` DISABLE KEYS */;
/*!40000 ALTER TABLE `auth_user_groups` ENABLE KEYS */;
UNLOCK TABLES;

--
-- Table structure for table `auth_user_user_permissions`
--

DROP TABLE IF EXISTS `auth_user_user_permissions`;
/*!40101 SET @saved_cs_client     = @@character_set_client */;
/*!40101 SET character_set_client = utf8 */;
CREATE TABLE `auth_user_user_permissions` (
  `id` int(11) NOT NULL AUTO_INCREMENT,
  `user_id` int(11) NOT NULL,
  `permission_id` int(11) NOT NULL,
  PRIMARY KEY (`id`),
  UNIQUE KEY `auth_user_user_permissions_user_id_permission_id_14a6b632_uniq` (`user_id`,`permission_id`),
  KEY `auth_user_user_permi_permission_id_1fbb5f2c_fk_auth_perm` (`permission_id`),
  CONSTRAINT `auth_user_user_permi_permission_id_1fbb5f2c_fk_auth_perm` FOREIGN KEY (`permission_id`) REFERENCES `auth_permission` (`id`),
  CONSTRAINT `auth_user_user_permissions_user_id_a95ead1b_fk_auth_user_id` FOREIGN KEY (`user_id`) REFERENCES `auth_user` (`id`)
) ENGINE=InnoDB DEFAULT CHARSET=utf8;
/*!40101 SET character_set_client = @saved_cs_client */;

--
-- Dumping data for table `auth_user_user_permissions`
--

LOCK TABLES `auth_user_user_permissions` WRITE;
/*!40000 ALTER TABLE `auth_user_user_permissions` DISABLE KEYS */;
/*!40000 ALTER TABLE `auth_user_user_permissions` ENABLE KEYS */;
UNLOCK TABLES;

--
-- Table structure for table `django_admin_log`
--

DROP TABLE IF EXISTS `django_admin_log`;
/*!40101 SET @saved_cs_client     = @@character_set_client */;
/*!40101 SET character_set_client = utf8 */;
CREATE TABLE `django_admin_log` (
  `id` int(11) NOT NULL AUTO_INCREMENT,
  `action_time` datetime(6) NOT NULL,
  `object_id` longtext,
  `object_repr` varchar(200) NOT NULL,
  `action_flag` smallint(5) unsigned NOT NULL,
  `change_message` longtext NOT NULL,
  `content_type_id` int(11) DEFAULT NULL,
  `user_id` int(11) NOT NULL,
  PRIMARY KEY (`id`),
  KEY `django_admin_log_content_type_id_c4bce8eb_fk_django_co` (`content_type_id`),
  KEY `django_admin_log_user_id_c564eba6_fk_auth_user_id` (`user_id`),
  CONSTRAINT `django_admin_log_content_type_id_c4bce8eb_fk_django_co` FOREIGN KEY (`content_type_id`) REFERENCES `django_content_type` (`id`),
  CONSTRAINT `django_admin_log_user_id_c564eba6_fk_auth_user_id` FOREIGN KEY (`user_id`) REFERENCES `auth_user` (`id`)
) ENGINE=InnoDB DEFAULT CHARSET=utf8;
/*!40101 SET character_set_client = @saved_cs_client */;

--
-- Dumping data for table `django_admin_log`
--

LOCK TABLES `django_admin_log` WRITE;
/*!40000 ALTER TABLE `django_admin_log` DISABLE KEYS */;
/*!40000 ALTER TABLE `django_admin_log` ENABLE KEYS */;
UNLOCK TABLES;

--
-- Table structure for table `django_content_type`
--

DROP TABLE IF EXISTS `django_content_type`;
/*!40101 SET @saved_cs_client     = @@character_set_client */;
/*!40101 SET character_set_client = utf8 */;
CREATE TABLE `django_content_type` (
  `id` int(11) NOT NULL AUTO_INCREMENT,
  `app_label` varchar(100) NOT NULL,
  `model` varchar(100) NOT NULL,
  PRIMARY KEY (`id`),
  UNIQUE KEY `django_content_type_app_label_model_76bd3d3b_uniq` (`app_label`,`model`)
) ENGINE=InnoDB AUTO_INCREMENT=8 DEFAULT CHARSET=utf8;
/*!40101 SET character_set_client = @saved_cs_client */;

--
-- Dumping data for table `django_content_type`
--

LOCK TABLES `django_content_type` WRITE;
/*!40000 ALTER TABLE `django_content_type` DISABLE KEYS */;
INSERT INTO `django_content_type` VALUES (1,'admin','logentry'),(3,'auth','group'),(2,'auth','permission'),(4,'auth','user'),(7,'cardapiosapp','alimentos'),(5,'contenttypes','contenttype'),(6,'sessions','session');
/*!40000 ALTER TABLE `django_content_type` ENABLE KEYS */;
UNLOCK TABLES;

--
-- Table structure for table `django_migrations`
--

DROP TABLE IF EXISTS `django_migrations`;
/*!40101 SET @saved_cs_client     = @@character_set_client */;
/*!40101 SET character_set_client = utf8 */;
CREATE TABLE `django_migrations` (
  `id` int(11) NOT NULL AUTO_INCREMENT,
  `app` varchar(255) NOT NULL,
  `name` varchar(255) NOT NULL,
  `applied` datetime(6) NOT NULL,
  PRIMARY KEY (`id`)
) ENGINE=InnoDB AUTO_INCREMENT=16 DEFAULT CHARSET=utf8;
/*!40101 SET character_set_client = @saved_cs_client */;

--
-- Dumping data for table `django_migrations`
--

LOCK TABLES `django_migrations` WRITE;
/*!40000 ALTER TABLE `django_migrations` DISABLE KEYS */;
INSERT INTO `django_migrations` VALUES (1,'contenttypes','0001_initial','2018-09-03 16:59:40.426013'),(2,'auth','0001_initial','2018-09-03 16:59:56.823707'),(3,'admin','0001_initial','2018-09-03 17:00:00.420273'),(4,'admin','0002_logentry_remove_auto_add','2018-09-03 17:00:00.531440'),(5,'admin','0003_logentry_add_action_flag_choices','2018-09-03 17:00:00.728111'),(6,'contenttypes','0002_remove_content_type_name','2018-09-03 17:00:02.774139'),(7,'auth','0002_alter_permission_name_max_length','2018-09-03 17:00:04.113043'),(8,'auth','0003_alter_user_email_max_length','2018-09-03 17:00:07.158867'),(9,'auth','0004_alter_user_username_opts','2018-09-03 17:00:07.255516'),(10,'auth','0005_alter_user_last_login_null','2018-09-03 17:00:08.382281'),(11,'auth','0006_require_contenttypes_0002','2018-09-03 17:00:08.450916'),(12,'auth','0007_alter_validators_add_error_messages','2018-09-03 17:00:08.547075'),(13,'auth','0008_alter_user_username_max_length','2018-09-03 17:00:09.949684'),(14,'auth','0009_alter_user_last_name_max_length','2018-09-03 17:00:11.732277'),(15,'sessions','0001_initial','2018-09-03 17:00:12.898985');
/*!40000 ALTER TABLE `django_migrations` ENABLE KEYS */;
UNLOCK TABLES;

--
-- Table structure for table `django_session`
--

DROP TABLE IF EXISTS `django_session`;
/*!40101 SET @saved_cs_client     = @@character_set_client */;
/*!40101 SET character_set_client = utf8 */;
CREATE TABLE `django_session` (
  `session_key` varchar(40) NOT NULL,
  `session_data` longtext NOT NULL,
  `expire_date` datetime(6) NOT NULL,
  PRIMARY KEY (`session_key`),
  KEY `django_session_expire_date_a5c62663` (`expire_date`)
) ENGINE=InnoDB DEFAULT CHARSET=utf8;
/*!40101 SET character_set_client = @saved_cs_client */;

--
-- Dumping data for table `django_session`
--

LOCK TABLES `django_session` WRITE;
/*!40000 ALTER TABLE `django_session` DISABLE KEYS */;
INSERT INTO `django_session` VALUES ('b333f2lxzb00e373ivxhyd17tllu2fn3','M2UyMzczOWJjZTRkNTMzNzdmOGE2ZTU4MTJiYTNhYjU3ZGY1OTUwODp7Il9hdXRoX3VzZXJfaWQiOiIxIiwiX2F1dGhfdXNlcl9iYWNrZW5kIjoiZGphbmdvLmNvbnRyaWIuYXV0aC5iYWNrZW5kcy5Nb2RlbEJhY2tlbmQiLCJfYXV0aF91c2VyX2hhc2giOiIwNGUwYTUwNDRkYzc1MDgzZGQyYmI3NDliY2NlMTliZGEyZmMzZjdkIn0=','2018-09-17 17:12:28.266374');
/*!40000 ALTER TABLE `django_session` ENABLE KEYS */;
UNLOCK TABLES;

--
-- Table structure for table `maxcho`
--

DROP TABLE IF EXISTS `maxcho`;
/*!40101 SET @saved_cs_client     = @@character_set_client */;
/*!40101 SET character_set_client = utf8 */;
CREATE TABLE `maxcho` (
  `CodigoPr` int(11) NOT NULL DEFAULT '0',
  `NomePr` varchar(50) NOT NULL,
  `TipoPr` int(11) DEFAULT NULL,
  `CARB` double(21,4) DEFAULT NULL
) ENGINE=InnoDB DEFAULT CHARSET=latin1;
/*!40101 SET character_set_client = @saved_cs_client */;

--
-- Dumping data for table `maxcho`
--

LOCK TABLES `maxcho` WRITE;
/*!40000 ALTER TABLE `maxcho` DISABLE KEYS */;
INSERT INTO `maxcho` VALUES (44,'Arroz à Grega',1,15.7695),(31,'Feijão Tropeiro',2,44.6953),(110,'Salada de Tomate, Ervilha e Couve',3,3.6670),(62,'Farofa',4,39.2037),(23,'Polenta à Bolonhesa',5,33.9223),(91,'Suco de Laranja',6,14.6720),(74,'Mingau de Aveia',7,33.9514),(3,'Goiaba Vermelha',8,22.1170),(14,'Bolo de Banana',9,39.3866),(16,'Salada de Frutas',10,51.4390);
/*!40000 ALTER TABLE `maxcho` ENABLE KEYS */;
UNLOCK TABLES;

--
-- Table structure for table `maxcusto`
--

DROP TABLE IF EXISTS `maxcusto`;
/*!40101 SET @saved_cs_client     = @@character_set_client */;
/*!40101 SET character_set_client = utf8 */;
CREATE TABLE `maxcusto` (
  `CodigoPr` int(11) NOT NULL DEFAULT '0',
  `NomePr` varchar(50) NOT NULL,
  `TipoPr` int(11) DEFAULT NULL,
  `PRECO` double(21,4) DEFAULT NULL
) ENGINE=InnoDB DEFAULT CHARSET=latin1;
/*!40101 SET character_set_client = @saved_cs_client */;

--
-- Dumping data for table `maxcusto`
--

LOCK TABLES `maxcusto` WRITE;
/*!40000 ALTER TABLE `maxcusto` DISABLE KEYS */;
INSERT INTO `maxcusto` VALUES (57,'Arroz Verde e Amarelo',1,0.3797),(31,'Feijão Tropeiro',2,0.6274),(110,'Salada de Tomate, Ervilha e Couve',3,0.2715),(62,'Farofa',4,0.8530),(136,'Coxa ao molho',5,1.5882),(41,'Suco de Abacaxi',6,0.6248),(37,'Suco de Acerola',6,0.6248),(93,'Suco de Graviola',6,0.6248),(71,'Leite com Farinha Láctea',7,1.0300),(3,'Goiaba Vermelha',8,0.4590),(126,'Bolo de Chocolate',9,0.9460),(128,'Bolo de Laranja',9,0.9460),(125,'Bolo de Baunilha',9,0.9460),(15,'Arroz Doce com Coco',10,1.2220);
/*!40000 ALTER TABLE `maxcusto` ENABLE KEYS */;
UNLOCK TABLES;

--
-- Table structure for table `maxlip`
--

DROP TABLE IF EXISTS `maxlip`;
/*!40101 SET @saved_cs_client     = @@character_set_client */;
/*!40101 SET character_set_client = utf8 */;
CREATE TABLE `maxlip` (
  `CodigoPr` int(11) NOT NULL DEFAULT '0',
  `NomePr` varchar(50) NOT NULL,
  `TipoPr` int(11) DEFAULT NULL,
  `LIP` double(21,4) DEFAULT NULL
) ENGINE=InnoDB DEFAULT CHARSET=latin1;
/*!40101 SET character_set_client = @saved_cs_client */;

--
-- Dumping data for table `maxlip`
--

LOCK TABLES `maxlip` WRITE;
/*!40000 ALTER TABLE `maxlip` DISABLE KEYS */;
INSERT INTO `maxlip` VALUES (46,'Arroz Colorido',1,4.1719),(31,'Feijão Tropeiro',2,4.4449),(110,'Salada de Tomate, Ervilha e Couve',3,0.2095),(122,'Couve-flor Gratinada',4,10.0979),(136,'Coxa ao molho',5,11.7398),(91,'Suco de Laranja',6,0.1920),(26,'Iogurte de Morango',7,3.9905),(34,'Iogurte de Coco',7,3.9905),(20,'Iogurte de Abacaxi',7,3.9905),(33,'Iogurte de Maça-Verde',7,3.9905),(29,'Iogurte de Pessego',7,3.9905),(77,'Abacate',8,6.7200),(127,'Bolo de Fubá com queijo',9,15.1507),(15,'Arroz Doce com Coco',10,9.6475);
/*!40000 ALTER TABLE `maxlip` ENABLE KEYS */;
UNLOCK TABLES;

--
-- Table structure for table `maxprot`
--

DROP TABLE IF EXISTS `maxprot`;
/*!40101 SET @saved_cs_client     = @@character_set_client */;
/*!40101 SET character_set_client = utf8 */;
CREATE TABLE `maxprot` (
  `CodigoPr` int(11) NOT NULL DEFAULT '0',
  `NomePr` varchar(50) NOT NULL,
  `TipoPr` int(11) DEFAULT NULL,
  `PROT` double(21,4) DEFAULT NULL
) ENGINE=InnoDB DEFAULT CHARSET=latin1;
/*!40101 SET character_set_client = @saved_cs_client */;

--
-- Dumping data for table `maxprot`
--

LOCK TABLES `maxprot` WRITE;
/*!40000 ALTER TABLE `maxprot` DISABLE KEYS */;
INSERT INTO `maxprot` VALUES (44,'Arroz à Grega',1,3.4583),(31,'Feijão Tropeiro',2,10.5136),(110,'Salada de Tomate, Ervilha e Couve',3,1.5390),(62,'Farofa',4,11.0411),(136,'Coxa ao molho',5,35.8801),(91,'Suco de Laranja',6,1.1360),(74,'Mingau de Aveia',7,5.0432),(3,'Goiaba Vermelha',8,1.8530),(127,'Bolo de Fubá com queijo',9,8.0943),(16,'Salada de Frutas',10,7.4720);
/*!40000 ALTER TABLE `maxprot` ENABLE KEYS */;
UNLOCK TABLES;

--
-- Table structure for table `mincho`
--

DROP TABLE IF EXISTS `mincho`;
/*!40101 SET @saved_cs_client     = @@character_set_client */;
/*!40101 SET character_set_client = utf8 */;
CREATE TABLE `mincho` (
  `CodigoPr` int(11) NOT NULL DEFAULT '0',
  `NomePr` varchar(50) NOT NULL,
  `TipoPr` int(11) DEFAULT NULL,
  `CARB` double(21,4) DEFAULT NULL
) ENGINE=InnoDB DEFAULT CHARSET=latin1;
/*!40101 SET character_set_client = @saved_cs_client */;

--
-- Dumping data for table `mincho`
--

LOCK TABLES `mincho` WRITE;
/*!40000 ALTER TABLE `mincho` DISABLE KEYS */;
INSERT INTO `mincho` VALUES (45,'Arroz Simples',1,10.1796),(30,'Feijão Preto',2,12.2282),(94,'Salada de Agrião',3,0.6750),(69,'Chuchu Refogado',4,0.5336),(115,'Bife Suíno',5,0.5687),(37,'Suco de Acerola',6,6.2004),(5,'Leite Achocolatado',7,5.4708),(77,'Abacate',8,4.8240),(7,'Biscoito Cream Cracker',9,17.1825),(70,'Banana Caramelizada',10,8.6422);
/*!40000 ALTER TABLE `mincho` ENABLE KEYS */;
UNLOCK TABLES;

--
-- Table structure for table `mincusto`
--

DROP TABLE IF EXISTS `mincusto`;
/*!40101 SET @saved_cs_client     = @@character_set_client */;
/*!40101 SET character_set_client = utf8 */;
CREATE TABLE `mincusto` (
  `CodigoPr` int(11) NOT NULL DEFAULT '0',
  `NomePr` varchar(50) NOT NULL,
  `TipoPr` int(11) DEFAULT NULL,
  `PRECO` double(21,4) DEFAULT NULL
) ENGINE=InnoDB DEFAULT CHARSET=latin1;
/*!40101 SET character_set_client = @saved_cs_client */;

--
-- Dumping data for table `mincusto`
--

LOCK TABLES `mincusto` WRITE;
/*!40000 ALTER TABLE `mincusto` DISABLE KEYS */;
INSERT INTO `mincusto` VALUES (45,'Arroz Simples',1,0.0979),(30,'Feijão Preto',2,0.0867),(138,'Salada de Repolho',3,0.0127),(69,'Chuchu Refogado',4,0.0220),(53,'Escondidinho de Frango',5,0.2446),(92,'Suco de limão',6,0.2240),(84,'Leite Caramelado',7,0.2052),(8,'Banana',8,0.0680),(6,'Biscoito Maisena',9,0.2225),(70,'Banana Caramelizada',10,0.0668);
/*!40000 ALTER TABLE `mincusto` ENABLE KEYS */;
UNLOCK TABLES;

--
-- Table structure for table `minlip`
--

DROP TABLE IF EXISTS `minlip`;
/*!40101 SET @saved_cs_client     = @@character_set_client */;
/*!40101 SET character_set_client = utf8 */;
CREATE TABLE `minlip` (
  `CodigoPr` int(11) NOT NULL DEFAULT '0',
  `NomePr` varchar(50) NOT NULL,
  `TipoPr` int(11) DEFAULT NULL,
  `LIP` double(21,4) DEFAULT NULL
) ENGINE=InnoDB DEFAULT CHARSET=latin1;
/*!40101 SET character_set_client = @saved_cs_client */;

--
-- Dumping data for table `minlip`
--

LOCK TABLES `minlip` WRITE;
/*!40000 ALTER TABLE `minlip` DISABLE KEYS */;
INSERT INTO `minlip` VALUES (45,'Arroz Simples',1,3.5838),(30,'Feijão Preto',2,3.2524),(138,'Salada de Repolho',3,0.0280),(108,'Cenoura com Vagem ',4,0.1020),(112,'Quibe de Carne',5,1.5264),(38,'Suco de Uva',6,0.0000),(37,'Suco de Acerola',6,0.0000),(84,'Leite Caramelado',7,0.0000),(9,'Maçã',8,0.0000),(8,'Banana',8,0.0280),(72,'Melancia',8,0.0000),(88,'Melão',8,0.0000),(14,'Bolo de Banana',9,2.9187),(119,'Gelatina de Framboesa',10,0.0000),(52,'Gelatina de Limão',10,0.0000),(118,'Gelatina de Abacaxi',10,0.0000),(43,'Gelatina de Morango',10,0.0000),(120,'Gelatina de Uva',10,0.0000);
/*!40000 ALTER TABLE `minlip` ENABLE KEYS */;
UNLOCK TABLES;

--
-- Table structure for table `minprot`
--

DROP TABLE IF EXISTS `minprot`;
/*!40101 SET @saved_cs_client     = @@character_set_client */;
/*!40101 SET character_set_client = utf8 */;
CREATE TABLE `minprot` (
  `CodigoPr` int(11) NOT NULL DEFAULT '0',
  `NomePr` varchar(50) NOT NULL,
  `TipoPr` int(11) DEFAULT NULL,
  `PROT` double(21,4) DEFAULT NULL
) ENGINE=InnoDB DEFAULT CHARSET=latin1;
/*!40101 SET character_set_client = @saved_cs_client */;

--
-- Dumping data for table `minprot`
--

LOCK TABLES `minprot` WRITE;
/*!40000 ALTER TABLE `minprot` DISABLE KEYS */;
INSERT INTO `minprot` VALUES (45,'Arroz Simples',1,0.9872),(30,'Feijão Preto',2,4.4082),(138,'Salada de Repolho',3,0.1760),(69,'Chuchu Refogado',4,0.1050),(53,'Escondidinho de Frango',5,3.7678),(38,'Suco de Uva',6,0.0128),(84,'Leite Caramelado',7,0.0192),(9,'Maçã',8,0.2320),(6,'Biscoito Maisena',9,2.0175),(70,'Banana Caramelizada',10,0.3319);
/*!40000 ALTER TABLE `minprot` ENABLE KEYS */;
UNLOCK TABLES;

--
-- Table structure for table `resumo`
--

DROP TABLE IF EXISTS `resumo`;
/*!40101 SET @saved_cs_client     = @@character_set_client */;
/*!40101 SET character_set_client = utf8 */;
CREATE TABLE `resumo` (
  `TipoPr` int(11) DEFAULT NULL,
  `CodigoPr` int(11) NOT NULL DEFAULT '0',
  `NomePr` varchar(50) NOT NULL,
  `PROT` double(21,4) DEFAULT NULL,
  `LIP` double(21,4) DEFAULT NULL,
  `CARB` double(21,4) DEFAULT NULL,
  `F` double(21,4) DEFAULT NULL,
  `CA` double(21,4) DEFAULT NULL,
  `MG` double(21,4) DEFAULT NULL,
  `FE` double(21,4) DEFAULT NULL,
  `ZN` double(21,4) DEFAULT NULL,
  `NA` double(21,4) DEFAULT NULL,
  `VC` double(21,4) DEFAULT NULL,
  `SFAT` double(21,4) DEFAULT NULL,
  `PRECO` double(21,4) DEFAULT NULL
) ENGINE=InnoDB DEFAULT CHARSET=latin1;
/*!40101 SET character_set_client = @saved_cs_client */;

--
-- Dumping data for table `resumo`
--

LOCK TABLES `resumo` WRITE;
/*!40000 ALTER TABLE `resumo` DISABLE KEYS */;
INSERT INTO `resumo` VALUES (1,55,'Arroz com Taioba',2.0577,3.7128,13.2232,1.3368,28.2078,5.9816,0.2295,0.3285,221.6083,4.8151,0.8166,0.2459),(1,44,'Arroz à Grega',3.4583,4.0788,15.7695,2.3577,24.7564,11.9298,0.3974,0.4791,182.1308,2.0695,0.7920,0.3752),(1,57,'Arroz Verde e Amarelo',2.5730,4.0887,15.1624,2.7492,43.8580,14.2386,0.2138,0.3871,213.3671,29.8956,0.5720,0.3797),(1,46,'Arroz Colorido',1.6412,4.1719,13.1892,1.6729,7.5142,5.3958,0.1440,0.2589,165.1583,12.3165,0.6780,0.2164),(1,48,'Arroz com Brócolis',2.1847,3.7048,13.7982,1.6518,20.6314,8.7148,0.2065,0.3283,188.7386,12.3335,0.6400,0.2310),(1,45,'Arroz Simples',0.9872,3.5838,10.1796,0.6108,1.4424,1.1069,0.0400,0.1838,117.6580,0.0000,0.6020,0.0979),(2,31,'Feijão Tropeiro',10.5136,4.4449,44.6953,7.5586,72.9730,76.5887,2.8051,1.7023,211.4540,23.5675,1.0110,0.6274),(2,28,'Tutu de Feijão ',5.7652,4.1824,22.5612,4.6284,36.8742,48.5738,1.8990,0.7604,204.5124,0.4670,0.7660,0.2599),(2,65,'Feijão Batido',5.1002,3.3183,15.6636,4.6698,30.8459,52.8068,2.0095,0.7373,187.5326,0.0000,0.5060,0.0964),(2,30,'Feijão Preto',4.4082,3.2524,12.2282,4.4524,22.4512,38.0478,1.3080,0.5864,164.1278,0.0000,0.4960,0.0867),(2,64,'Feijão Simples',5.1002,3.3183,15.6636,4.6698,30.8459,52.8068,2.0095,0.7373,187.5326,0.0000,0.5060,0.0964),(3,50,'Salada de Alface com Tomate',0.6425,0.0640,1.2355,0.8165,8.2655,4.3855,0.2005,0.1155,1.2615,9.5895,0.0000,0.1340),(3,66,'Salada de Acelga e Cenoura',0.7620,0.0755,3.3040,1.1310,18.5320,5.9275,0.1260,0.1480,1.1865,8.0450,0.0000,0.0890),(3,90,'Salada de Almeirão',0.5310,0.0660,1.0020,0.7770,5.8500,6.3330,0.2220,0.0870,0.7050,0.5070,0.0000,0.0630),(3,98,'Salada de Alface com Agrião',0.6570,0.0540,0.7020,0.6705,24.0060,4.0905,0.5580,0.1605,1.7535,12.2235,0.0000,0.0975),(3,106,'Salada de Repolho com Tomate',0.4510,0.0705,1.5570,0.6705,8.6450,4.3370,0.0900,0.0650,0.9830,9.0465,0.0000,0.0670),(3,138,'Salada de Repolho',0.1760,0.0280,0.7720,0.3780,6.9100,1.7020,0.0300,0.0300,117.8856,3.7440,0.0000,0.0127),(3,47,'Salada de Acelga com chicória',0.5160,0.0500,1.4960,0.6640,17.5640,4.9080,0.1440,0.0800,166.9606,5.8180,0.0000,0.1010),(3,103,'Salada de Couve',0.5740,0.1100,0.8660,0.6240,26.1740,6.9320,0.0900,0.0800,1.2340,19.3360,0.0240,0.0860),(3,135,'Salada de Acelga com Alface',0.6260,0.0460,1.4120,0.6900,14.1000,3.9020,0.1760,0.1320,165.1026,8.7880,0.0000,0.1090),(3,100,'Beterraba com Cheiro Verde',0.5400,0.0680,2.5720,0.7240,3.6220,4.8860,0.0640,0.1040,1.9440,0.6240,0.0000,0.0725),(3,132,'Salada de Couve com tomate',0.7940,0.1440,1.4940,0.8580,27.5620,9.0400,0.1380,0.1080,165.4586,23.5780,0.0240,0.1310),(3,97,'Salada de Acelga com Agrião',0.6195,0.0525,1.0320,0.4890,26.3280,4.2840,0.5070,0.1545,1.2960,12.3975,0.0000,0.0705),(3,137,'Salada de Couve-flor com Chuchu',0.5220,0.0540,1.7320,0.7260,5.8660,3.8440,0.1400,0.0820,164.7086,9.3320,0.0000,0.0491),(3,94,'Salada de Agrião',0.8070,0.0720,0.6750,0.6420,39.7590,5.4480,0.9330,0.2160,2.2380,18.0300,0.0000,0.0870),(3,102,'Beterraba com Vagem',0.6585,0.0435,3.0245,1.0310,9.7870,7.5605,0.1285,0.1535,1.9440,0.7965,0.0000,0.0730),(3,110,'Salada de Tomate, Ervilha e Couve',1.5390,0.2095,3.6670,1.6785,31.2420,13.0455,0.3585,0.2470,57.3055,24.6385,0.0390,0.2715),(3,134,'Beterraba com Acelga',0.5340,0.0290,2.6850,0.7860,7.9210,5.9260,0.0910,0.1350,166.0826,2.8790,0.0000,0.0470),(3,99,'Salada de Almeirão com Agrião',0.6690,0.0690,0.8385,0.7095,22.8045,5.8905,0.5775,0.1515,1.4715,9.2685,0.0000,0.0750),(3,107,'Salada de Tomate com Ervilha',0.9650,0.0995,2.8010,1.0545,5.0680,6.1135,0.2685,0.1670,56.0715,5.3025,0.0150,0.1855),(3,131,'Salada de Chicória com Tomate',0.4480,0.0620,1.1980,0.6740,10.3540,4.9360,0.1380,0.0460,166.9286,5.5500,0.0000,0.1090),(3,139,'Salada de Repolho, tomate e pepino',0.4820,0.0480,1.4220,0.6470,6.7670,4.8270,0.0930,0.0690,164.5886,7.1120,0.0000,0.0771),(3,56,'Salada de Cenoura',0.2640,0.0340,1.5320,0.6360,4.5080,2.2460,0.0360,0.0440,0.6660,1.0240,0.0000,0.0280),(3,80,'Salada de Alface',0.5070,0.0360,0.7290,0.6990,8.2530,2.7330,0.1830,0.1050,1.2690,6.4170,0.0000,0.1080),(3,96,'Salada de Almeirão com Tomate',0.4305,0.0585,0.9720,0.5640,3.9660,4.7475,0.1470,0.0645,0.5055,3.4350,0.0000,0.0645),(3,101,'Beterraba com Cenoura',0.5880,0.0435,3.3710,1.1510,7.0030,6.5705,0.0910,0.1370,2.4435,1.3920,0.0000,0.0490),(3,109,'Salada de Tomate, Cebola e Pimentão',0.6035,0.0730,2.4035,0.8955,4.4490,4.9955,0.1415,0.0730,0.3150,20.8010,0.0000,0.1200),(3,133,'Salada de Pepino com Tomate',0.3940,0.0340,1.0360,0.4580,3.3120,3.9760,0.0780,0.0540,164.2246,5.2400,0.0000,0.0710),(4,122,'Couve-flor Gratinada',3.9205,10.0979,2.1300,0.8225,120.2046,7.9023,0.2285,0.5885,350.1782,12.6175,5.8830,0.4730),(4,63,'Almeirão Refogado',0.6362,2.0693,1.3607,0.8418,6.0534,6.6524,0.2340,0.0993,0.7854,0.5070,0.3040,0.0843),(4,79,'Purê de Batata',1.2497,4.6459,9.4732,0.9218,21.9949,10.9872,0.2505,0.2183,198.7144,17.5610,0.6660,0.1888),(4,95,'Cenoura e Chuchu',0.6955,3.0751,3.9434,1.4574,10.9909,6.0562,0.1176,0.1081,165.1238,5.0336,0.4560,0.0926),(4,108,'Cenoura com Vagem ',0.9330,0.1020,3.9030,1.6680,19.0920,8.7180,0.1830,0.1650,235.3142,1.8810,0.0000,0.1335),(4,124,'Purê de Inhame',1.2500,4.4280,13.9380,0.9900,19.5185,18.2915,0.2190,0.2180,240.8837,3.3720,2.7630,0.1035),(4,17,'Abobrinha Refogada',0.2192,2.0173,0.7876,0.1998,1.7164,2.3144,0.0360,0.0293,0.0804,0.6870,0.3040,0.0353),(4,25,'Creme de Abóbora com Milho Verde',2.9402,4.2699,16.2852,2.1449,33.1477,15.5413,0.1835,0.3269,227.7569,3.1285,1.0280,0.1942),(4,73,'Moqueca de Banana',1.5183,4.3591,13.7344,1.8621,20.6126,19.2082,1.8206,0.2078,211.6233,10.4829,0.6080,0.2086),(4,105,'Quiabo Refogado',0.6811,3.5933,2.2697,1.4298,33.8514,15.3104,0.1230,0.1893,164.3680,1.6800,0.5320,0.0912),(4,121,'Batata Doce Refogada',0.5382,1.0536,11.4570,1.0718,8.7240,6.9944,0.1600,0.0834,237.8352,6.6854,0.1520,0.0752),(4,62,'Farofa',11.0411,6.5671,39.2037,3.6094,36.4671,27.8984,1.7147,1.7001,245.2554,20.0365,1.6660,0.8530),(4,78,'Abóbora Cabotiá Refogada',1.0842,1.3256,5.1930,1.3458,11.0560,5.5304,0.2260,0.1954,234.3272,3.1474,0.2240,0.0712),(4,67,'Batata Rústica',0.7267,1.0035,5.9097,0.4995,2.2185,6.0779,0.1505,0.0990,210.8997,12.7498,0.1520,0.0706),(4,83,'Quibebe',1.4741,4.1471,4.8925,1.9484,6.2191,5.9932,0.1567,0.1250,202.7613,12.4868,0.6080,0.1720),(4,123,'Legumes Sauté (Batata e Brócolis)',1.1020,4.3560,3.7440,0.8080,18.0645,8.9015,0.1940,0.1440,235.1737,13.0720,2.6030,0.0755),(4,24,'Bambá de Couve',1.6492,3.3773,13.2746,1.2228,14.3909,10.5659,0.1945,0.2243,211.6111,9.9015,0.5325,0.1348),(4,104,'Jardineira de Legumes',2.5215,0.1910,11.5410,2.3150,12.8810,15.8080,0.4425,0.3415,267.2012,8.4545,0.0450,0.2408),(4,69,'Chuchu Refogado',0.1050,2.0071,0.5336,0.1496,1.2188,0.8295,0.0210,0.0141,117.1844,1.0610,0.3040,0.0220),(5,18,'Omelete de Forno',6.0227,6.5493,2.2225,0.5600,9.8566,11.0873,0.2960,0.2906,192.5106,1.2924,1.2400,0.3946),(5,58,'Almôndegas ao Molho',4.3952,6.2124,11.1025,0.6998,6.1928,8.1878,0.4667,0.9320,213.4898,1.0073,1.1992,0.3570),(5,82,'Quibe de Forno',7.6368,5.4412,17.2641,1.9225,9.0476,11.5738,1.1052,1.4935,221.7063,1.7786,1.2220,0.5270),(5,114,'Bife Bovino com Cebola',6.6122,5.3743,1.4537,0.3138,3.0194,5.4954,0.4850,1.5923,225.9791,0.4670,1.3720,0.4982),(5,23,'Polenta à Bolonhesa',8.0338,6.1221,33.9223,3.0857,18.1973,28.5224,0.9154,1.9764,215.6891,9.3657,1.3707,0.5369),(5,111,'Quibe de Frango',8.1144,7.7947,11.1767,1.4700,7.3634,9.0880,0.7355,0.1909,225.0471,0.3736,1.3390,0.3996),(5,36,'Torta Colorida de Frango, Tomate e Vagem',9.6631,9.9332,14.2462,0.9617,72.2976,21.6784,0.5814,0.6687,344.8966,4.1929,2.5247,0.7152),(5,60,'Cuscuz com Sardinha',7.0757,8.6044,19.8527,2.4349,173.0852,22.0118,1.6350,0.7119,326.7588,11.7455,1.4620,0.9718),(5,68,'Rocambole de Carne Moída com Tomate',4.1923,6.2386,0.9554,0.2695,1.9379,4.7964,0.3976,1.2961,173.9452,3.2749,1.3000,0.3594),(5,116,'Frango Ensopado',4.2202,5.0583,5.1966,0.6088,6.0934,10.8063,0.6750,0.5253,257.2036,6.0430,0.9280,0.3820),(5,140,'Iscas de Lombo suíno acebolada',6.9356,6.6372,0.6816,0.1527,2.0836,7.9849,0.1590,0.2957,180.0252,0.2335,1.5980,0.3852),(5,81,'Carne moída com Quiabo',4.4020,5.1836,3.2804,1.6459,31.1040,17.9649,0.4866,1.3366,220.1068,9.3293,1.0940,0.3930),(5,113,'Frango Xadrez',8.3324,4.6232,19.7183,2.0818,20.5822,22.3836,0.5809,0.4775,255.9464,14.3236,0.8690,0.4626),(5,22,'Polenta à Jardineira',9.4049,5.2851,33.2060,2.7218,14.3877,25.8865,0.9918,1.5220,206.1218,1.8295,1.2182,0.8273),(5,19,'Carne Bovina em pedaços com batata',4.8303,6.1218,3.4941,0.3390,1.8536,6.8573,0.4560,0.7896,177.3022,6.3094,1.2000,0.3572),(5,27,'Canjiquinha com Músculo e Hortaliças',7.8652,5.2834,9.5172,1.6374,14.1812,10.8008,0.6700,1.2024,232.2689,5.2350,1.1920,0.6834),(5,35,'Vaca Atolada',7.3238,5.3149,14.5802,1.0356,8.2919,22.5598,0.7035,1.1977,231.6126,6.3459,1.2130,0.5472),(5,59,'Carne moída com Batatas',5.9482,5.5448,6.9966,0.9063,4.2834,11.0659,0.6305,1.7098,223.2276,17.4160,1.2830,0.5032),(5,115,'Bife Suíno',6.2342,6.8633,0.5687,0.0948,4.0854,7.1834,0.2790,0.5313,194.6680,0.0000,1.7920,0.4299),(5,32,'Carne moída com Cará',4.2553,4.2271,2.7794,0.8210,1.2879,4.3624,0.3826,1.2931,173.7922,0.9724,0.9960,0.3366),(5,112,'Quibe de Carne',7.5698,1.5264,11.0882,1.4481,6.0359,4.6888,1.0660,1.6067,223.1586,0.3269,0.6750,0.4818),(5,136,'Coxa ao molho',35.8801,11.7398,1.6245,0.3019,18.9880,57.5122,1.7710,4.5187,480.8542,1.8477,3.5040,1.5882),(5,21,'Frango Colorido',5.9426,5.8127,1.1651,0.5102,11.6896,11.5464,0.1855,0.2322,178.6087,3.6840,1.0490,0.3098),(5,53,'Escondidinho de Frango',3.7678,9.7788,3.4941,0.3390,14.6681,9.0918,0.1515,0.1966,179.0757,6.3094,3.6400,0.2446),(5,61,'Estrogonofe de Frango',7.1329,3.0905,3.9006,0.5568,67.2208,17.9821,0.2837,0.4584,370.0425,1.2641,1.1122,0.5074),(5,117,'Peixe à Milanesa',13.4712,5.8693,31.1506,1.4768,16.5494,30.9774,0.4860,0.5943,211.9490,0.0000,1.2960,0.2522),(6,42,'Suco de Manga',0.1648,0.0920,8.9924,0.4280,3.6316,3.9964,0.0424,0.0280,3.4920,9.9600,0.0400,0.6088),(6,39,'Suco de Caju',0.1728,0.0800,8.2764,0.2520,1.1756,3.5804,0.0664,0.0280,18.8160,55.4800,0.0000,0.2488),(6,92,'Suco de limão',0.9120,0.1120,11.7120,0.0000,8.4160,9.4720,0.0800,0.0800,0.0000,55.2000,0.0000,0.2240),(6,41,'Suco de Abacaxi',0.2008,0.0440,7.1044,0.1320,6.1996,4.2284,0.1504,0.0240,1.2960,0.5000,0.0000,0.6248),(6,38,'Suco de Uva',0.0128,0.0000,9.8684,0.0920,4.5116,3.0244,0.0544,0.0200,4.6320,8.3880,0.0000,0.2888),(6,91,'Suco de Laranja',1.1360,0.1920,14.6720,0.6720,12.3840,17.4240,0.0000,0.0480,0.0000,66.0800,0.0000,0.2560),(6,40,'Suco de Maracujá',0.3208,0.0760,7.8404,0.1400,2.4476,1.8644,0.1464,0.0560,9.4760,5.4720,0.0000,0.4008),(6,37,'Suco de Acerola',0.2488,0.0000,6.2004,0.2800,3.8196,3.6644,0.0744,0.0280,1.3120,249.2960,0.0000,0.6248),(6,93,'Suco de Graviola',0.2408,0.0560,7.8964,0.4760,3.1756,4.1044,0.0464,0.0200,2.0200,4.1920,0.0000,0.6248),(7,10,'Vitamina de Abacate',1.0688,3.7000,10.0581,2.8892,250.6231,29.9529,0.3300,0.9532,127.7052,3.5180,3.7816,0.6390),(7,26,'Iogurte de Morango',3.9790,3.9905,16.8130,2.4495,139.0695,13.2480,0.1035,0.5060,51.4970,4.7725,2.2770,0.5750),(7,34,'Iogurte de Coco',3.9790,3.9905,16.8130,2.4495,139.0695,13.2480,0.1035,0.5060,51.4970,4.7725,2.2770,0.5750),(7,74,'Mingau de Aveia',5.0432,3.0600,33.9514,3.2868,263.1594,62.1346,1.6780,1.7068,129.1868,0.4860,3.3544,0.9340),(7,130,'Vitamina de Banana e aveia',2.4055,1.2925,16.4860,1.8795,254.2335,43.6665,0.8225,1.1920,128.2145,5.6000,3.0310,0.7025),(7,71,'Leite com Farinha Láctea',2.3760,1.1580,15.5540,0.3880,284.3720,30.8180,1.8040,1.1060,152.5340,4.8620,3.4600,1.0300),(7,20,'Iogurte de Abacaxi',3.9790,3.9905,16.8130,2.4495,139.0695,13.2480,0.1035,0.5060,51.4970,4.7725,2.2770,0.5750),(7,84,'Leite Caramelado',0.0192,0.0000,5.9766,0.0000,98.5194,7.7726,0.0336,0.3040,51.0080,0.0000,1.1200,0.2052),(7,1,'Café com Leite',0.4538,0.3585,5.9569,1.5369,187.5003,19.4940,0.2953,0.5856,95.8739,0.0000,2.2590,0.4075),(7,33,'Iogurte de Maça-Verde',3.9790,3.9905,16.8130,2.4495,139.0695,13.2480,0.1035,0.5060,51.4970,4.7725,2.2770,0.5750),(7,129,'Vitamina de Banana e maça',0.3900,0.0175,10.2775,0.8475,247.5300,26.3625,0.1775,0.7975,127.5200,6.0000,2.8000,0.5950),(7,11,'Vitamina de Banana, maça, mamão e aveia',2.5930,1.3225,22.8835,2.4770,260.3185,49.7215,0.8925,1.2095,128.6220,26.7550,3.0310,0.8100),(7,5,'Leite Achocolatado',0.2520,0.1302,5.4708,0.2334,186.5340,19.0644,0.3666,0.6324,99.5274,0.0000,2.1660,0.4014),(7,29,'Iogurte de Pessego',3.9790,3.9905,16.8130,2.4495,139.0695,13.2480,0.1035,0.5060,51.4970,4.7725,2.2770,0.5750),(8,87,'Tangerina',0.8500,0.0700,9.6100,0.9400,12.8900,7.7300,0.1100,0.0000,0.0000,48.8200,0.0000,0.1900),(8,9,'Maçã',0.2320,0.0000,12.1200,1.0800,1.5360,1.6320,0.0720,0.0000,0.0000,1.9280,0.0000,0.2320),(8,89,'Pêra',0.2640,0.2530,17.6770,3.2780,9.5810,6.7320,0.3520,0.0770,1.0780,2.5960,0.1100,0.1980),(8,54,'Mamão',0.4600,0.1200,10.4400,1.0400,22.4200,22.1800,0.1900,0.0700,1.6300,82.2100,0.0000,0.1400),(8,86,'Abacaxi',0.5160,0.0720,7.3980,0.5940,13.4580,11.0640,0.1560,0.0840,0.0000,20.7720,0.0000,0.0900),(8,3,'Goiaba Vermelha',1.8530,0.7480,22.1170,10.5740,7.5650,11.7130,0.2890,0.2210,0.0000,137.0200,0.0850,0.4590),(8,51,'Laranja',0.9360,0.1170,8.0550,0.6930,19.7010,7.7490,0.0810,0.0540,0.0000,48.3570,0.0000,0.1260),(8,8,'Banana',0.5080,0.0280,10.3840,0.8160,3.0240,10.5160,0.1520,0.0600,0.0000,8.6360,0.0000,0.0680),(8,72,'Melancia',0.8800,0.0000,8.1400,0.1200,7.7200,9.6300,0.2300,0.1000,0.0000,6.1500,0.0000,0.0900),(8,88,'Melão',0.4760,0.0000,5.2710,0.1750,2.0020,4.1650,0.1610,0.0630,7.8190,6.0760,0.0000,0.1820),(8,77,'Abacate',0.9920,6.7200,4.8240,5.0480,6.3360,11.7440,0.1680,0.1760,0.0000,6.9280,1.8400,0.2000),(8,85,'Caqui',0.3060,0.0595,16.4305,5.5420,15.1725,7.2675,0.0850,0.1615,1.8530,25.1685,0.0000,0.3570),(9,2,'Pão com Margarina',3.9750,3.1846,29.3250,1.1550,7.9270,12.7408,0.5010,0.3800,325.3928,0.0000,0.5000,0.5660),(9,7,'Biscoito Cream Cracker',2.5150,3.6100,17.1825,0.6275,5.0000,9.9375,0.5500,0.2850,213.5900,0.0000,1.1000,0.2475),(9,127,'Bolo de Fubá com queijo',8.0943,15.1507,34.0721,0.9410,96.9530,17.2600,0.7060,0.8510,199.1426,0.0000,3.7380,0.6674),(9,12,'Bolo Nutritivo',4.2768,5.3496,34.0550,1.2504,16.4019,13.5833,0.4992,0.3915,70.5761,6.3460,0.9715,0.2828),(9,76,'Biscoito Maisena com Requeijão',2.8062,4.5286,22.6662,0.6300,26.7138,11.6072,0.5328,0.3602,127.9258,1.8660,1.7180,0.3670),(9,49,'Biscoito Cream Cracker com Manteiga',3.0380,8.6340,20.6190,0.7530,6.1805,11.9965,0.6600,0.3420,256.5005,0.0000,3.8950,0.2970),(9,6,'Biscoito Maisena',2.0175,2.9925,18.8075,0.5250,13.6125,9.2850,0.4400,0.2575,88.0075,1.5550,0.9750,0.2225),(9,14,'Bolo de Banana',4.2700,2.9187,39.3866,1.2249,27.5859,16.5522,0.5180,0.4130,97.2043,4.5339,0.5257,0.3476),(9,126,'Bolo de Chocolate',5.0700,4.2320,34.2120,0.6800,50.3430,15.1460,0.8005,0.5050,228.2980,0.0000,1.5660,0.9460),(9,75,'Biscoito Cream Cracker com Requijão',3.4032,5.2696,20.7162,0.7530,16.3788,12.3902,0.6648,0.3932,278.6248,0.0000,1.8680,0.3970),(9,128,'Bolo de Laranja',5.0700,4.2320,34.2120,0.6800,50.3430,15.1460,0.8005,0.5050,228.2980,0.0000,1.5660,0.9460),(9,13,'Bolo de Cenoura',4.3777,8.3114,33.0047,1.5885,16.5452,13.1060,0.4825,0.3981,88.3567,1.5360,1.4077,0.2975),(9,125,'Bolo de Baunilha',5.0700,4.2320,34.2120,0.6800,50.3430,15.1460,0.8005,0.5050,228.2980,0.0000,1.5660,0.9460),(10,15,'Arroz Doce com Coco',6.1342,9.6475,27.1681,1.1440,339.7759,33.8376,0.3566,1.2565,149.3600,0.2490,8.1300,1.2220),(10,119,'Gelatina de Framboesa',1.7780,0.0000,17.8440,0.0000,5.6680,0.5620,0.0660,0.0000,47.4840,8.0000,0.0000,0.5080),(10,4,'Canjica com Coco Ralado',3.8256,5.8340,34.3858,2.1880,181.1947,23.4013,0.3438,0.7565,88.0650,0.2490,5.4450,0.9141),(10,52,'Gelatina de Limão',1.7780,0.0000,17.8440,0.0000,5.6680,0.5620,0.0660,0.0000,47.4840,8.0000,0.0000,0.5080),(10,70,'Banana Caramelizada',0.3319,0.0235,8.6422,0.6180,2.0418,6.5927,0.0982,0.0375,0.0000,5.3975,0.0000,0.0668),(10,118,'Gelatina de Abacaxi',1.7780,0.0000,17.8440,0.0000,5.6680,0.5620,0.0660,0.0000,47.4840,8.0000,0.0000,0.5080),(10,43,'Gelatina de Morango',1.7780,0.0000,17.8440,0.0000,5.6680,0.5620,0.0660,0.0000,47.4840,8.0000,0.0000,0.5080),(10,16,'Salada de Frutas',7.4720,5.6910,51.4390,5.4825,215.3765,53.0500,0.7445,0.9115,66.1375,82.6245,3.0930,1.0070),(10,120,'Gelatina de Uva',1.7780,0.0000,17.8440,0.0000,5.6680,0.5620,0.0660,0.0000,47.4840,8.0000,0.0000,0.5080);
/*!40000 ALTER TABLE `resumo` ENABLE KEYS */;
UNLOCK TABLES;
/*!40103 SET TIME_ZONE=@OLD_TIME_ZONE */;

/*!40101 SET SQL_MODE=@OLD_SQL_MODE */;
/*!40014 SET FOREIGN_KEY_CHECKS=@OLD_FOREIGN_KEY_CHECKS */;
/*!40014 SET UNIQUE_CHECKS=@OLD_UNIQUE_CHECKS */;
/*!40101 SET CHARACTER_SET_CLIENT=@OLD_CHARACTER_SET_CLIENT */;
/*!40101 SET CHARACTER_SET_RESULTS=@OLD_CHARACTER_SET_RESULTS */;
/*!40101 SET COLLATION_CONNECTION=@OLD_COLLATION_CONNECTION */;
/*!40111 SET SQL_NOTES=@OLD_SQL_NOTES */;

-- Dump completed on 2018-10-22  9:43:58
